,titles,category,summary
0,주술회전 part  ,액션,소년은 싸운다      올바른 죽음 을 위해 쓰라린 고통  후회  치욕 인간으로부터 흘러나온 부정적인 감정이 저주로 변해 일상에 숨어든다  저주는 세상에 만연한 재앙의 근원이며  최악의 경우 인간을 죽음으로 이끈다  그리고 저주는 저주로밖에 없앨 수 없다  경이적인 신체능력을 가진 소년 이타도리 유지는 아주 평범한 고등학생이었지만  어느 날  저주 에 습격당한 친구를 구하기 위해 특급 주물  양면 스쿠나의 손가락 을 먹고 영혼에 저주가 깃들게 된다  저주인  양면 스쿠나 와 몸을 공유하게 된 이타도리는 최강의 주술사인 고죠 사토루의 안내로 저주에 대항하는 전문 기관인  도쿄 도립 주술 고등전문학교 에 편입하게 되는데       저주를 없애기 위해 저주가 된 소년의 돌이킬 수 없는 장렬한 이야기가 움직이기 시작한다  
1, 무삭제  귀멸의 칼날,액션,숯을 파는 마음씨 착한 소년 탄지로는  어느 날 혈귀에게 가족을 몰살당한다  유일하게 살아남은 누이동생 네즈코 마저도 혈귀로 변하고 마는데    절망적인 현실에 큰 타격을 입은 탄지로였지만  동생을 인간으로 돌려놓기 위해  가족을 죽인 혈귀를 심판하기 위해   귀살대 의 길을 가기로 결의한다  인간과 혈귀가 엮어낸 애절한 오누이의 이야기가 지금 시작된다  
2,은혼  기,액션,에도 시대 말기  하늘에서 내려온  천인 의 침략으로 전쟁이 발생한다  막부들은 결국 천인과의 공존을 위해 사람들에게 검을 소지할 수 없도록 폐도령을 내려서 사무라이가 큰 위기를 겪고 있다  그러나 사무라이 정신을 굳게 간직한 남자가 있었으니 그의 이름은 사카타 긴토키  단 것을 좋아하는 저돌적인 이 남자가 부패한 에도를 두동강을 낼지도      코미디 액션   은혼의 장르는 은혼이다  
3,전생했더니 슬라임이었던 건에 대하여  기,액션,샐러리맨인 미카미 사토루는 길에서 칼에 찔려 죽었다  하지만 문득 정신이 들어 깨어나보니 이세계로 전생해있었다  그것도 슬라임의 모습으로  리무루라는 이름으로 새롭게 슬라임 인생을 얻어  여러 종족이 함께 사는 세계에 떨어지게 된 그는  종족은 상관없이 모두가 행복하게 살 수 있는 나라 를 만드는 것을 새로운 인생 목표로 삼게 된다 
4,귀멸의 칼날   환락의 거리편,액션, 매주 화요일 오전 라프텔에서 만나보세요   무한열차의 임무를 마친 탄지로 일행의 다음 행선지는  귀살대 최고의 검사  주 의 한 사람  음주  우즈이 텐겐과 탄지로 일행의 새로운 싸움의 막이 열린다 
5, 자막  스파이 패밀리 part  ,액션, 사람은 누구나 아무에게도 보여줄 수 없는 자신을 갖고 있다   세계 각국이 물밑에서 치열하게 정보전을 펼치는 시대  오스타니아와 웨스탈리스는 십수 년간에 걸쳐 냉전 상태에 있었다  웨스탈리스의 정보국 대동과        소속의 수완가 스파이인  황혼 은 동서 평화를 위협하는 위험인물  오스타니아의 국가통일당 총재 도노반 데스몬드의 동향을 살피기 위해 어떤 극비 임무를 수행하게 된다  그 이름은 오퍼레이션  올빼미   임무 내용은  일주일 이내에 가족을 만들어  데스몬드의 아들이 다니는 명문 학교의 친목회에 잠입하라    황혼 은 정신과 의사 로이드 포저로 위장하고 가족을 만들게 된다  하지만  그가 만난 딸 아냐는 마음을 읽을 수 있는 초능력자  아내 요르는 암살자였다   명의 이해가 일치하여 서로 정체를 숨기면서 함께 생활하게 되는데  해프닝 연속인 임시 가족에게  세계의 평화는 맡겨졌다   
6,주술회전 part  ,액션,소년은 싸운다      올바른 죽음 을 위해 쓰라린 고통  후회  치욕 인간으로부터 흘러나온 부정적인 감정이 저주로 변해 일상에 숨어든다  저주는 세상에 만연한 재앙의 근원이며  최악의 경우 인간을 죽음으로 이끈다  그리고 저주는 저주로밖에 없앨 수 없다  경이적인 신체능력을 가진 소년 이타도리 유지는 아주 평범한 고등학생이었지만  어느 날  저주 에 습격당한 친구를 구하기 위해 특급 주물  양면 스쿠나의 손가락 을 먹고 영혼에 저주가 깃들게 된다  저주인  양면 스쿠나 와 몸을 공유하게 된 이타도리는 최강의 주술사인 고죠 사토루의 안내로 저주에 대항하는 전문 기관인  도쿄 도립 주술 고등전문학교 에 편입하게 되는데       저주를 없애기 위해 저주가 된 소년의 돌이킬 수 없는 장렬한 이야기가 움직이기 시작한다  
7,전생했더니 슬라임이었던 건에 대하여  기  부,액션,주인공 리무루와 그를 따르는 다수의 마물들이 세운 나라  쥬라 템페스트 연방국 은 근린 국가들과의 협정과 교역을 통해  인간과 마물이 공존하는 나라 라는 이상을 현실로 만들려 하고 있었다  이는 인간이었던 슬라임에서 기인한 리무루의  인간에 대한 호의  였다  하지만 이 세계에는 명확한  마물에 대한 적의 가 존재하고 있었다  그 불합리한 현실을 마주했을 때  리무루는 선택한다   무엇을 잃고 싶지 않은지 를      
8,방패 용사 성공담 Season  ,액션,평범한 오타쿠 대학생 이와타니 나오후미는 도서관에서 책을 보던 도중 사성무기서라는 책을 발견하고 그 책을 보게 된다  그 순간 정신을 잃게 되고 깨어보니 검  창  활의 용사와 함께 자신도 모르게 이세계에 소환되어 있었다  그리고 그의 손에는 어째서인지 방패가 붙어있었다 
9,지박소년 하나코 군,액션, 하나코 씨  하나코 씨  거기 계십니까   학원에 전해지는 불가사의한 소문  구교사  층 여자화장실 세 번째 칸에는  하나코 씨 가 있어 이를 불러낸 사람의 소원은 무엇이든지 이뤄준다고 한다  자신의 소원을 이루기 위해 야시로는 학교의 괴담에 몸을 바친다  학원의 불가사의  하나코 군 과 오컬트 소녀  야시로 가 펼치는 하트풀 화장실 코미디 
10,소드 아트 온라인  기,액션,    년  인류는 마침내 완전한 가상 공간을 실현했다  모든 게이머가 꿈꿔왔던           가상 대규모 온라인 롤 플레잉 게임   소드 아트 온라인  이 정식 가동을 시작한다  주인공은 소드 아트 온라인 플레이어인 키리토  그는    의 세계에서 플레이를 만끽하던 중 다른  만 명의 플레이어와 함께 게임 마스터의 무자비한 선고를 듣는다     층까지 있다는 부유성 아인크라드의 정상을 정복해 게임을 클리어 하지 못하면 로그아웃을 할 수 없다고  그리고 게임 오버는 현실 세계에서  죽음 을 의미한다고    키리토는 재빨리 게임의  진실 을 받아들이고 파티를 짜지 않는 솔로 플레이어로 끝이 보이지 않는 사투에 몸을 던진다 
11, 자막  나의 히어로 아카데미아  기,액션,뉴 히어로 탄생에 주목하라   신세대 히어로  한국 상륙   인구의 약  할이 개성이라 불리는 초능력을 갖고 있는 초인 사회로 탈바꿈한 세계  대부분의 사람들이 개성을 보유하고 있기 때문에 이를 악용한 범죄가 폭발적으로 급증하고 이에맞서 싸우는 히어로들은 시민 모두의 동경의 대상이 되었다  세계의 평화를 수호하는 특수경찰과 같은 역할자  히어로 의 인기는 날이 갈수록 치솟기 시작하고 히어로를 양성하는 국립기관까지 세워질 정도  중학생 소년 미도리야 이즈쿠도 그런 히어로를 꿈꾼다  하지만 그는 히어로에게 필수적인  개성 을 타고나지 않았는데     타고난 초능력이 없어서 소외되던 작은 소년의 도전  성장  열정 스토리   그리고 새롭게 나온  기에서는 지난     습격 사건 이후의 이야기가 시작된다  드디어 유에이 체육제 시작   그리고 그랜 토리노 등장 
12, 자막  나의 히어로 아카데미아  기,액션,꿈을 향하여 계속 달린다  최고의 히어로가 되기위해  진정한 히어로가 되기위해   히어로    빌런 싸움이 시작된다 
13,전생했더니 슬라임이었던 건에 대하여  기  부,액션,주인공 리무루와 그를 따르는 다수의 마물들이 세운 나라  쥬라 템페스트 연방국 은 근린 국가들과의 협정과 교역을 통해  인간과 마물이 공존하는 나라 라는 이상을 현실로 만들려 하고 있었다 이는 인간이었던 슬라임에서 기인한 리무루의  인간에 대한 호의 였다      하지만 이 세계에는 명확한  마물에 대한 적의 가 존재하고 있었다  그 불합리한 현실을 마주했을 때  리무루는 선택한다   무엇을 잃고 싶지 않은지 를   
14, 자막  나의 히어로 아카데미아  기,액션,꿈이 현실로  이것은 내가 최고의 히어로가 되기까지의 이야기다  어떤 사건을 계기로      히어로 올마이트와 만난  무개성  소년 미도리야 이즈쿠  그의 마음속에 숨겨진 히어로의 자질을 발견한 올마이트에게 개성  원 포 올 을 이어받는다  미도리야는 올마이트의 혹독한 훈련을 거쳐서 유에이 고교에 입학한다  바쿠고 카츠키  우라라카 오챠코 등의  학년  반 친구들과 서로를 향상시키며 성실한 나날을 보내고 있었다  그런 가운데 나라 전체가 주목하는 빅 이벤트  유에이 고교 체육대회  개최가 다가온다  오직 정상만을 바라보는 바쿠고  가족을 그리워하며 강한 의지로 도전하는 우라라카와 이이다 텐야  그리고 한 남자를 부정하기 위해서 우승을 노리는 토도로키 쇼토  게다가 히어로과  학년  반을 비롯한 새로운 친구들까지  유에이 고교 학생 전원이 투지를 불태우고 미도리야도 결의를 새로이 한다   나도 최선을 다해 쟁취하겠어   최고의 히어로를 향한 그들의 개성과 힘  그리고 자존심이 맞부딪히는 싸움이 시작된다 
15,가정교사 히트맨 리본 ,액션,후회하라  필살탄이 당신을        부활 시킬 것이다   바보 같은 인생을 보내는 중학생 츠나의 집에 가정교사가 오게 되었다  가정교사의 이름은 리본  보기에는 어린아이지만  실제 본업은 초일류 히트맨    리본은 사실 본고라 조직의   대 보스를 키우기 위해 이탈리아에서 건너온 살인 청부업자였다  차기 보스로서 그의 타깃이 된 사람은 학교에서 제대로 하는 일이 없어 항상 왕따를 당하는 츠나라는 소년  죽을힘을 다하면 뭐든지 가능하다   츠나의 목숨을 건 수업이 시작됐다  
16,진격의 거인  기,액션,   여년 전  갑자기 나타난 거인들에 의해 멸종 위기에 처한 인류는 살아남기 위해    의 거대한 벽을 쌓고 그 안에서 숨죽이며 살아가고 있었다  그러던 어느 날  초대형 거인의 등장으로 벽은 무너지고  거인들이 벽 안으로 들어와 사람들을 잡아먹기 시작하는데    절규와 죽음으로 가득한 절망적인 상황에서 거인에게 소중한 사람들을 빼앗긴 엘런은 복수를 맹세한다 
17,암살교실  기,액션,어느 날 일반 진학교인 쿠누기가오카 중학교의 낙오자반이라고 불리는  학년  반에 정부 사람들과 인간이 아닌 정체불명의 생물이 찾아온다  이 수수께끼의 생물은 어느 날 갑자기 나타나 달의  할을 날려 버린 초생물로 내년에 지구를 날려버리겠다고 선언한 공공의 적  마하   의 속도로 하늘을 날며  상상을 초월한 공격력과 다양한 능력을 가진 이 생물이 무슨 이유에서인지  쿠누기가오카 중학교  학년  반의 선생님으로 일하겠다는 제안을 했고  세계는 그것을 받아들인 것이다 정부는 감시와 동시와 암살을 할 수 있기 때문에 이 제안을 승낙한다  암살 성공의 보수    억 엔과 인류의 운명을 걸고   명의 중학생과 살생님의 긴장감 넘치는 수업이 시작된다 
18,도쿄 리벤저스 part  ,액션,밑바닥 인생을 살던 타케미치  중학교 시절 사귀었던 인생에서 유일한 연인이었던 히나타가 가장 흉포하고 악질적인 악당 연합  도쿄 만지회 에게 살해당했다는 것을 알게 된다  사건을 알게 된 다음 날  역 플랫폼에 있던 타케미치는 누군가에게 떠밀려 선로로 떨어지고 다가오는 열차를 보며 자신의 죽음을 직감한다  하지만 정신을 차리고 보니 어째서인지   년 전으로 타임 리프해 있었다  인생의 전성기였던   년 전 중학교 시절로 타임 리프해서 연인을 구하기 위해  계속 도망치기만 했던 자신을 바꾸기 위해 인생의 리벤지를 시작한다 
19, 자막  나의 히어로 아카데미아  기,액션,꿈을 형태로 만들기 위해  히어로가 되기 위해  유에이 고교 히어로과     반        반 대항전  자존심을 건 싸움이 시작된다  한계를 넘어서  라이벌을 뛰어넘어라  
20,나루토  기,액션,나뭇잎 마을의 우즈마키 나루토는 아무도 못말리는 말썽꾸러기인데다가  닌자 졸업 시험에 연속해서 낙방한 전력이 있는 문제아  다시 돌아온 시험에서 나루토는 마지막 관문인 분신술에 실패하여 또 낙제를 하게 된다  상심한 나루토에게 닌자 선생님 중 한 명인 미즈키 선생님이 다가와 마을 뒷산에 숨겨진  봉인의 서 봉인된 책  만 있으면 시험에 쉽게 통과할 수 있다고 알려준다  그러나 나루토가 이 책을 가지러 갔다는 말에  평소 나루토를 아껴주고 힘을 북돋워주던 이루카 선생님은 급히 나루토의 뒤를 쫒는다  미즈키는 사실 마을의 천덕꾸러기로 미움을 받고 있는 나루토를 이용하여 봉인의 서를 손에 넣으려는 음모를 꾸몄던 것이다  이 일을 계기로 나루토는 미즈키로부터 자신의 정체가 구미호의 봉인체라는 충격적인 이야기를 듣는다  사람들을 닥치는대로 해하던 흉한 구미호를 전설적인 닌자인 호카게가 당시 아기였던 자신의 몸에 봉인했다는 것이다  나루토는 마음의 충격이 컸지만 자신을 위로해주는 이루카 선생님의 말씀에 감동하여 마침내 자신의 능력을 제대로 선보이고  그 결과 졸업에 성공하게 된다  하급 닌자인 견습 닌자가 된 나루토는  꽤나 실력도 인물도 출중한 사스케와 당찬 여닌자 사쿠라를 동료로 하여 새로운 선생님인 카카시를 모시게 된다  하지만 행실이 그다지 선생님으로서 모범적이지 못한 카카시는 오히려 나루토 일행에게 실력이 너무 형편없다며 구박을 일삼는다  사실 말이 동료일뿐 팀 웍이 전혀 갖추어지지 않은 나루토 일행은 개인 플레이로 인해 여러번 일을 망치곤 한다  자신들의 주어진 일에 만족하지 못하고 있는 나루토 일행에게 호카게  최고의 닌자에게 대를 물려 이어지는 이름 는 새로운 임무를 주는데   
21,문호 스트레이 독스  기,액션,고아원에서 쫒겨나서 아사직전 상태인 나카지마 아츠시는 강에서 떠내려가던 정체불명의 남자를 구하게 된다  남자의 이름은 다자이 오사무  입수 자살을 시도하던 그는 경찰도 해결하지 못하는 온갖 위험한 사건을 해결하는 이능력 집단인  무장탐정사 의 일원이라고 한다  다자이를 구한 계기로 밥을 얻어먹게 된 아츠시는 현재 다자이가 조사하는 사건이  식인호랑이 퇴치 라는 말을 듣게 된다  그런데 어째서인지 아츠시의 얼굴이 어두워지는데          유명 문호들을 모티브로 삼은 이능력 배틀물  문호 스트레이 독스 지금 시작한다 
22,소드 아트 온라인 앨리시제이션,액션,문득 정신이 든 키리토는 어째선지 어느 한 가상세계에 풀 다이브해 있었다  로그인 이후의 기억이 모호해  실마리를 찾기 위해 떠돌게 된 키리토는 칠흑의 거목  기가스시더 을 발견했고 거기서 한 소년을 만나게 된다   내 이름은 유지오  잘 부탁해  키리토   그 소년은 가상세계의 주민인    였음에도 인간과 똑같이 풍부한 감정을 지니고 있었다  유지오와 친한 사이가 되어가면서도 이 세계에서 로그아웃할 방법을 찾고 있던 키리토  그런 키리토에게 어느 한 기억이 뇌리에 스친다  그것은 어린 키리토와 유지오가 야산에서 뛰놀던 추억  있을 리가 없는 기억  그리고 그 기억 속에는 유지오 말고도 또 다른 금발의 여자아이가 있었다  이름은 앨리스  절대로 잊어선 안 되는 소중한 이름 
23, 더빙  강철의 연금술사 BROTHERHOOD,액션,죽은 어머니를 살리기 위해 에드워드와 알폰스 형제는 금지 되어 있는 연성술을 시행한다  그러나 연성 실패의 대가로 에드워드는 왼쪽 다리를  알폰스는 육신 자체를 잃고 말았다  동생을 살리기 위해 연성을 시도한 에드워드는 오른쪽 팔을 희생한 대가로 간신히 에드워드의 혼을 철로 된 갑옷에 담아 두는 데 성공한다  잃어 버린 사지 대신 철로 된 의수를 부착한 에드워드는 주야로 연금술을 공부하여 결국은 국가연금술사 자격증을 따내고   강철의 연금술사 라는 호칭을 얻게 된다  하지만 엘릭 형제가  현자의 돌 의 진실에 가까이 다가갈수록 그 너머에 드리워진 어두운 음모 또한 엄습해 오는데 
24,도쿄 리벤저스 part  ,액션,밑바닥 인생을 살던 타케미치  중학교 시절 사귀었던 인생에서 유일한 연인이었던 히나타가 가장 흉포하고 악질적인 악당 연합  도쿄 만지회 에게 살해당했다는 것을 알게 된다  사건을 알게 된 다음 날  역 플랫폼에 있던 타케미치는 누군가에게 떠밀려 선로로 떨어지고 다가오는 열차를 보며 자신의 죽음을 직감한다  하지만 정신을 차리고 보니 어째서인지   년 전으로 타임 리프해 있었다  인생의 전성기였던   년 전 중학교 시절로 타임 리프해서 연인을 구하기 위해  계속 도망치기만 했던 자신을 바꾸기 위해 인생의 리벤지를 시작한다 
25,무직전생   이세계에 갔으면 최선을 다한다  기,액션, 나는 이 세계에서 최선을 다하겠어     세 총각에 무직인 방구석 폐인이었던 남자  그는 부모님의 장례식 날에 집에서 쫓겨나 트럭에 치여 목숨을 잃었다  다시 눈을 떴을 때 그는 검과 마법이 존재하는 이세계에서 아기로 다시 환생해 있었다  쓰레기처럼 살아온 남자는 소년 루데우스로서 이세계에서 최선을 다해 살아가기로 맹세한다  루데우스를 기다리는 것은 로리 마술사  엘프 귀를 가진 소꿉친구  흉포한 새침데기 아가씨와 그 외 다양한 인간들과의 만남  그리고 가혹한 모험과 전투  그의 새로운 인생이 움직이기 시작한다   인생 재시작  판타지  개막    
26,암살교실  기,액션,    년 화제작   일본 애니계의 화두는 단연 암살교실이다  마인탐정 네우로의 작가 마츠이 유세이의 차기작으로 전작을 뛰어넘는 인기를 구사하고 있다  특히 원피스  나루토  블리치  은혼 등이 연재되는 주간 소년점프에서 연재가 시작되고부터 쭉 인기투표 순위 최상위권을 유지하고 있는 화제의 작품이다   지구 멸망        지구를 구할 방법은 졸업 전까지 이 선생을 암살하는 것 뿐    어느 날 갑자기 달이 폭발해  할이 증발했다  그 사건의 범인은  년 후 지구도 폭발시킬 예정이라고 하는 초생물  그런데 어째서인지 그 괴물이 찾아간 곳은 어느 중학교 교실로  이곳에서 교사가 될 예정이라고 한다  마하  의 속도로 하늘을 나는 등 인간의 상식을 훨씬 뛰어넘는 능력을 갖고 있는 괴물  군대를 동원해도 죽일 수 없는 이 괴물의 암살을 각국의 수뇌들은 어쩔 수 없이 그 괴물이 담임을 맡을 쿠노기가오카 중학교  학년  반 학생들에게 의뢰하게 된다  성공보수는  억 엔   낙오자들의 클래스     의  반 학생들은 졸업할 때까지 이 암살대상인 교사   살선생님 을 죽일 수 있을 것인가    
27,일곱 개의 대죄   계명의 부활   기 ,액션,아직 사람과 마물의 세계가 분리되기 전 시대  헨드릭슨과 드레퓌스  두 명의 성기사장의 지배로부터 왕국을 탈환한  일곱 개의 대죄 와 엘리자베스  호크  왕국탄생제도 무사히 끝나  드디어 리오네스 왕국에 평화가 찾아왔으나 다음 위협의 징조가 그들에게 다가오고 있었다 
28,일곱 개의 대죄   기 ,액션,일찍이 왕국에 반역을 꾀했다고 여겨지는  명의 전설의 역적  일곱개의 대죄   그들은 지금도 집요하게 왕국의 핵심  성기사들에게 쫓기고 있었다  한편 엘리자베스 공주는 성기사들의 반란을 눈치 채고 왕국을 구하기 위해  일곱 개의 대죄 를 찾아 나선다  공주의 진실된 마음에  일곱 개의 대죄 의 단장이자  분노의 죄 멜리오다스는 그녀와 함께 나머지  일곱 개의 대죄 를 찾는 여행에 나서기로 하는데      과연  일곱 개의 대죄 는 모두 모일 수 있을 것인가   그리고 일찍이 일어났던 반역의 진실은   전대미문의 통쾌한 영웅 판타지  개막  
29,오버로드  기,액션,가상 세계에서 현실처럼 플레이하는 체감형 게임  통칭         의 전성기     년      년에 발매된  위그드라실 은         들 중에서도 방대한 맵과 엄청나게 높은 플레이어 자유도로 인해 국내에서 폭발적인 인기를 얻었고         의 붐을 일으킨 장본인이다  그러나   년이 지난 지금 조용히 서비스를 종료할 예정이었다  위그드라실의 최강 마법사  모몬가는 쓸쓸히 나자릭 지하대분묘에서 종료시간을 기다리고 있었다  그러나 종료시간을 넘어도 로그아웃되지 않고     들도 갑자기 의지를 가지기 시작하는데  그의 앞에는 이제껏 본 적 없었던 이세계가 펼쳐지게 된다  
30,새벽의 연화,액션,고화국의 유일한 공주인 연화는 궁 밖의 세상일은 전혀 모르는 철부지 아가씨로 항상 궁 안에서만 지내고 있다  그런 그녀에게는 학과 수원이라는 소꿉친구가 곁에 있었다  하지만 부왕이 자신의 소꿉친구이자 짝사랑하고 있던 사촌 수원에 의해 살해당하게 되고  이를 목격한 연화는   세 생일에 가장 큰 위기를 겪게 된다  학의 도움으로 궁을 빠져나온 사이 수원이 고화국의 왕위를 계승하였고  연화는 마음을 추스르며 앞으로의 길을 모색하던 중 신관 익수의 신탁을 듣고 고화국의 신화 속 비룡왕을 보필하던 네 마리 용 백룡  청룡  녹룡  황룡 의 후손을 찾아 나서게 된다 
31, 자막  나의 히어로 아카데미아  기,액션,근미래 일본  사람들의 생활양식은 지금과 크게 다를 바 없으나  환경호르몬과 공해  방사능 등 복합적인 요인으로 인구의 약  할이 돌연변이  즉 초능력을 가지고 태어나게 되었다  이런 초능력을  개성 이라 칭하며  눈동자나 머리색의 유전처럼 자연스럽게 받아들이는 사회  오히려 초능력이 없는 사람을 찾아보기 힘든 이 세계에서는 당연히 능력을 악용한 범죄가 급증하고  그런 범죄자들을 처단하는  정의의 사자 를 표방한 집단   히어로 가 생겨난다  초능력 범죄에 맞서 시민들의 평화를 지키는  일종의 특수경찰로서의 임무를 수행하는  히어로  집단의 인기는 연예인과 맞먹는다  이에 따라  청소년들이 가장 선호하는 장래의 꿈도 당연히  히어로   초능력이 보편적인 이 세계에는 일급 히어로를 양성하는 국립기관까지 설립된 상황  모든 이야기는  어릴 때부터  히어로 가 꿈이었지만 초능력을 타고나지 못해 주위에서 비웃음만 당하던   세 소년이  포기하지 않고 국립 히어로 학교인 유에이 고교 입학시험에 도전하면서 시작된다  
32, 자막  블랙 클로버  기,액션,어린 시절 부모에게 버림을 받고 빈민 지역 교회에서 자란 아스타와 라이벌 유노  두 사람은 마법 세계의 정점인 마법제가 되겠다는 목표를 가지고 있다  그러나 아스타는 전혀 마력을 가지고 있지 않아 마법 기술을 쓰지 못하는 반면  유노는 어린 나이에도 불구하고 엄청난 마법의 소유자로 촉망 받는다  시간이 흘러 두 사람은   세가 되고  마력을 가진   세 아이들에게 마법기사단에 들어갈 수 있는 기회가 찾아온다  유노는 강력한 마력으로 초대 마법제가 받았던 행운이 담긴 네잎 클로버 마도서에게 선택받는 반면  아스타는 우여곡절 끝에 악마가 깃든 다섯 잎 클로버 마도서를 손에 넣게 된다  반년 후 마법기사단 입단 시험에 응시하는 아스타와 유노  아홉 개의 단으로 나눠진 마법기사단 모두에게 선택 받은 유노는 최강의 마법기사단  금색의 여명 에 들어간 반면  아스타는 간신히  검은 폭우 단에 선택되어 그들의 꿈을 좇게 되는데 
33,무직전생   이세계에 갔으면 최선을 다한다  기,액션, 나는 이 세계에서 최선을 다하겠어     세 총각에 무직인 방구석 폐인이었던 남자  그는 부모님의 장례식 날에 집에서 쫓겨나 트럭에 치여 목숨을 잃었다  다시 눈을 떴을 때 그는 검과 마법이 존재하는 이세계에서 아기로 다시 환생해 있었다  쓰레기처럼 살아온 남자는 소년 루데우스로서 이세계에서 최선을 다해 살아가기로 맹세한다  루데우스를 기다리는 것은 로리 마술사  엘프 귀를 가진 소꿉친구  흉포한 새침데기 아가씨와 그 외 다양한 인간들과의 만남  그리고 가혹한 모험과 전투  그의 새로운 인생이 움직이기 시작한다   인생 재시작  판타지  개막    
34,불꽃 소방대  기,액션,방금까지 멀쩡하던 사람이 갑자기 불타올라 불을 다루고 끝없이 파괴를 일삼는 괴물   화염 인간 이 되는  인체 발화 현상 에 전인류는 두려움에 떨었다  불의 공포에 맞서는 특수 소방대는 그 현상의 수수께끼를 풀고  인류를 구하는 것이 사명  어떤 이유로 인해 악마라 불리는 신입 대원  신라는  히어로 를 목표로 동료들과 함께  화염 인간 과의 대결의 나날에 몸을 던진다 
35,소드 아트 온라인  기,액션,    사건으로부터  년이 지났다  어느 날  키리토는 총무성 가상과의 키쿠오카 세이지로에게 기묘한 의뢰를 받는다  총과 강철의       건 게일 온라인 통칭     에서 갑자기 발생한 데스 건 사건  정체불명의 아바타가 든 검은 총에 맞은 플레이어는 현실 세계에서도 죽음에 이른다는데    키리토는 차마 키쿠오카의 의뢰를 거절하지 못하고    에 로그인하게 된다  데스 건에 관한 단서를 얻기 위해 익숙하지 않은 게임 속을 방황하는 키리토  그런 그에게 도움의 손길을 내밀어 준 것은 거대한 라이플을 쓰는 스나이퍼  시논이었다 
36,오버로드  기,액션,아인즈는 고민하고 있었다  아인즈 울 고운 마도국의 왕으로서 이 나라를 어떻게 다스려야 할 것인가  알베도  데미우르고스 같은 우수한    들과 휴식 없이 일할 수 있는 언데드들 덕분에  마도국은 현재 안전하고 굶주림 없는 장소가 되어 있었다  하지만  그곳에서 살고 있는 사람들은 아직 공포와 불안감에 떨고 있었고  도시는 불이 꺼진 듯이 조용했으며 활기를 잃어버렸다  사람들의 웃음을 찾아볼 수 없는 가운데  아인즈는 모험자 조합에 방문해 조합장인 아인잭에게 어떤 제안을 했다  한편  갑자기 생겨난 마도국에 당혹스러워하던 주변 나라들의 지도자들도 각자 대항책을 강구하고 있었다  과연 아인즈는 각 나라의 모략을 저지하고 자신의 이상향을 만들어낼 수 있을 것인가 
37,오버로드  기,액션,오버로드  기      년  월 방영 시작 
38,원펀맨  기,액션,취미로 히어로를 시작한 남자  사이타마   년간의 훈련에 의한 무적의 힘을 손에 넣어 모든 적을 일격에 쓰러뜨리는 영웅이다  우연한 일로 제자가 된 제노스와 함께 히어로 협회에서 정식 히어로 활동을 개시한다  괴인발생률이 비정상적으로 높아지는 가운데  대예언자 시바바와가 보낸  지구가 위험하다  예언을 받고  대책에 나서려는 히어로 협회  거기에 히어로 사냥의 가로우가 나타난다 
39,오버로드  기,액션,때는     년  한때 폭발적인 인기를 얻었던 가상 체감형 게임  위그드라실 은 서비스를 종료할 예정이었다  플레이어인 모몬가는 동료와 함께 나자릭 지하대분묘에서 서비스 종료시간을 기다리고 있었다  하지만 종료시간이 지나도 로그아웃이 되기는커녕    들이 갑자기 의지를 가지고 스스로 움직이기 시작했다  게다가 나자릭 밖으로 나가보니 본적도 없는 이세계가 펼쳐져 있었다  모몬가는 예전 동료들을 찾기 위해 길드의 이름이었던 아인즈 울 고운이라는 이름을 사용하고  이세계에 그 이름을 널리 퍼뜨리기로 결심한다  그리고 절대적인 충성을 맹세한 부하들과 함께 새로운 땅을 향해 진격한다 
40,아픈 건 싫으니까 방어력에 올인하려고 합니다,액션,친구가 같이 하자는 말에 시작한            메이플 이라는 이름으로 가상현실에 접속한 카에데는 뭐가 뭔지 하나도 몰라서  스테이터스를 모두     방어력 에 투자하고 마는데    보통이라면 아무도 고르지 않은 방어 특화의 길  하지만 그것이 메이플의 특이함과 맞물려  절대방어 라는 스킬을 낳고  어지간한 일로는 대미지가  도 들어가지 않는 철벽의 최강 캐릭터를 탄생시켰다   순진무구한 온라인 게임 초보 메이플이 방어력에 올인하는 특이한 플레이를 하면서 벌어지는 웃기고  신기하고  가슴 후련한 이야기 
41,세계 최고의 암살자  이세계 귀족으로 전생하다,액션,특정 에피소드가 청불로 지정되어  성인이용가로 분류되었습니다  서비스 이용에 참고 부탁드립니다  세계 최고의 암살자가 암살 귀족의 장남으로 환생했다  이세계에서 다시 태어나는 조건으로 그가 여신으로부터 받은 미션은 단 하나  인류에 재앙을 가져온다고 예언된 용사를 죽이는 것  그것이 세계 최고의 암살자가 새로운 인생에서 완수해야 할 사명이었다  현대에서 온갖 암살을 가능케 한 폭넓은 지식과 경험  그리고 이세계 최강으로 칭송받는 암살자 일족의 비술과 마법  그 모든 것이 시너지 효과를 낳아  그는 견줄 상대가 없는 암살자로 성장해 가는데   
42,현자의 손자,액션,사고로 죽었을 청년이 갓난아기의 모습으로 이세계에서 환생  구국의 영웅  현자  멀린 월포드에게 거둬진 그는 신이라는 이름을 받는다  손자로서 마린의 기술을 흡수해가며 놀라운 힘을 얻게 된 신이었지만  그가 열다섯 살이 되자 할아버지는 이렇게 말했다   앗차차   상식을 가르치는 걸 깜빡했구먼   이런 이유로 신은 상식과 친구를 얻기 위해 알스하이드 고등 마법학원에 입학하게 되는데    규격 외  소년의 파격적인 이세계 판타지 라이프  여기서 개막 
43,Re   제로부터 시작하는 이세계 생활  기 part  ,액션, 내가 반드시 너를 구해 보이겠어  마녀교 대죄사교  나태  담당 페텔기우스 로마네콩티를 물리치고 에밀리아와 재회한 나츠키 스바루  괴로운 결별을 극복하고 드디어 만난 두 사람이었지만 그것은 새로운 파란의 시작이었다  상상을 뛰어넘는 절체절명의 위기 그리고 덮쳐오는 무자비한 현실  소년은 다시 가혹한 운명에 맞선다 
44,원펀맨,액션,일격필살  너무나 강해진 나머지 제아무리 흉악한 괴인이라도 원 펀치로 무찔러버리는 히어로  사이타마   최강의 뜨뜻미지근 히어로 전설 개막     작가 원펀맨이 인기를 끌어 초절정 그림체로 업그레이드했다  최고로 강하고 최고로 헐렁한 히어로의 새로운 코믹 액션   다양한 괴수가 나타나기 시작한 현대 도시  혼란에 빠진 세상을 구하기 위해 나타난 한 남자가 있었으니  어떤 적이든 일격에 끝장내 버리는 초강력 히어로 사이타마였다  하지만 너무나도 순식간에 적을 끝장내버리는 바람에 아무도 그의 활약을 눈치 채지 못하는데   세상을 지키고도 인기를 얻기는커녕 보답조차 받지 못해 생활고에 시달리는  최고로 서민적인 히어로의 지구 수호 활약기 
45, 자막  스파이 패밀리 part  ,액션,사람은 누구나 아무에게도 보여줄 수 없는 자신을 갖고 있다   세계 각국이 물밑에서 치열하게 정보전을 펼치는 시대  오스타니아와 웨스탈리스는 십수 년간에 걸쳐 냉전 상태에 있었다  웨스탈리스의 정보국 대동과        소속의 수완가 스파이인  황혼 은 동서 평화를 위협하는 위험인물  오스타니아의 국가통일당 총재 도노반 데스몬드의 동향을 살피기 위해 어떤 극비 임무를 수행하게 된다  그 이름은 오퍼레이션  올빼미   임무 내용은   일주일 이내에 가족을 만들어  데스몬드의 아들이 다니는 명문 학교의 친목회에 잠입하라     황혼 은 정신과 의사 로이드 포저로 위장하고 가족을 만들게 된다  하지만  그가 만난 딸 아냐는 마음을 읽을 수 있는 초능력자  아내 요르는 암살자였다   명의 이해가 일치하여 서로 정체를 숨기면서 함께 생활하게 되는데  해프닝 연속인 임시 가족에게  세계의 평화는 맡겨졌다   
46,진격의 거인  기 part  ,액션,백 년이라는 긴 시간 동안 인류와 바깥 세계의 사이를 막아온 벽  그 벽 너머에는 본 적 없는 세계가 펼쳐져 있었다  불꽃의 물  물의 대지  사막의 설원 등 책에 써있던 것들은 소년의 탐구심을 자극할 뿐이었다  이윽고 시간이 지나 벽이 거인들에게 파괴된 지금  인류는 세계의 진실을 향해 한발한발 내디딘다  거인의 정체는 무엇인가  왜 벽 안쪽은 거인으로 가득했는가  거인화한 엘런 예거가 가진 좌표의 힘이란 무엇인가  그리고 히스토리아 레이스는 이 세계의 무엇을 알고 있는가  엘렌을 비롯한    기 병사들이 포함된 새로운 체제의 리바이반  본격적으로 움직이기 시작한 그들의 앞을 가장 강한 최악의 적이 가로막는다 
47,진격의 거인 The FINAL part  ,액션,그 거인은 언제 어떤 시대에도 자유를 갈망하며 나아갔다  자유를 위해 싸웠다  그 이름은 진격의 거인 드디어 밝혀진 벽 밖의 진실과 거인의 정체 이곳에 이르기까지 인류는 너무나도 큰 희생을 치렀다  그럼에도 그들은 계속 나아가야만 한다  벽 밖에 있는 자유의 상징  바다를 아직 그 눈으로 보지 못했으니까  이윽고 시간은 흘러 첫 번째  초대형 거인 에 의한 최초의 습격으로부터  년 조사병단은 월 마리아 밖의 벽외 조사를 감행한다   벽 너머에는 바다가 있고  바다 너머에는 자유가 있다  그렇게 믿어왔는데        벽 안의 인류가 처음으로 도달한 바다  끝없이 펼쳐진 수평선 너머에 있는 것은 자유인가  아니면       엘런 예거의 이야기는 새로운 국면을 맞이한다     
48,나루토  기,액션,나뭇잎 마을의 우즈마키 나루토는 아무도 못말리는 말썽꾸러기인데다가  닌자 졸업 시험에 연속해서 낙방한 전력이 있는 문제아  다시 돌아온 시험에서 나루토는 마지막 관문인 분신술에 실패하여 또 낙제를 하게 된다  상심한 나루토에게 닌자 선생님 중 한 명인 미즈키 선생님이 다가와 마을 뒷산에 숨겨진  봉인의 서 봉인된 책  만 있으면 시험에 쉽게 통과할 수 있다고 알려준다  그러나 나루토가 이 책을 가지러 갔다는 말에  평소 나루토를 아껴주고 힘을 북돋워주던 이루카 선생님은 급히 나루토의 뒤를 쫒는다  미즈키는 사실 마을의 천덕꾸러기로 미움을 받고 있는 나루토를 이용하여 봉인의 서를 손에 넣으려는 음모를 꾸몄던 것이다  이 일을 계기로 나루토는 미즈키로부터 자신의 정체가 구미호의 봉인체라는 충격적인 이야기를 듣는다  사람들을 닥치는대로 해하던 흉한 구미호를 전설적인 닌자인 호카게가 당시 아기였던 자신의 몸에 봉인했다는 것이다  나루토는 마음의 충격이 컸지만 자신을 위로해주는 이루카 선생님의 말씀에 감동하여 마침내 자신의 능력을 제대로 선보이고  그 결과 졸업에 성공하게 된다  하급 닌자인 견습 닌자가 된 나루토는  꽤나 실력도 인물도 출중한 사스케와 당찬 여닌자 사쿠라를 동료로 하여 새로운 선생님인 카카시를 모시게 된다  하지만 행실이 그다지 선생님으로서 모범적이지 못한 카카시는 오히려 나루토 일행에게 실력이 너무 형편없다며 구박을 일삼는다  사실 말이 동료일뿐 팀 웍이 전혀 갖추어지지 않은 나루토 일행은 개인 플레이로 인해 여러번 일을 망치곤 한다  자신들의 주어진 일에 만족하지 못하고 있는 나루토 일행에게 호카게  최고의 닌자에게 대를 물려 이어지는 이름 는 새로운 임무를 주는데   
49,문호 스트레이 독스  기,액션,문호스트레이독스  쿨  기   외전 소설 다자이 오사무와 암흑시대  원작  권에서  권을 애니화 다자이 오사무가 탐정사에 오기 전  다자이가   살때  아직 그가 포트마피아의 간부로 있을 적에 그에게는 직분의 차이와 관계없는 우정을 가진  명의 친구가 있었다  조직의 정보원인 사카구치 안고  조직의 하급조직원인 오다 사쿠노스케  그들은 주로 바 루핀에서 모여 이런 자질구레한 이야기를 하며 술을 마셨다  그러던 어느날  늘 같은 곳에서 술을 마시던 그들은 다자이의 제안으로 사진을 찍게 된다  그리고 그 날을 계기로 그 세명이 다시 그 곳에 모이는 일은 없어졌다  왜냐하면 그  명의 친구 중 한 사람이 죽었기 때문이다 
50,진격의 거인  기,액션,꿈도 희망도 허락되지 않았던 인류와 거인의 대결이 시작된다      여 년 전 갑작스레 나타난 거인의 먹이가 되어버린 인류는 높이   미터에 이르는 거대한 벽을 쌓고 벽 바깥으로 나가는 자유와 맞바꿔 침략을 막고 있었다  그러나 허울뿐인 평화는 벽을 넘어 버리는 초대형 거인의 등장으로 무너지고  지옥 같은 상황에 빠지고 만다  한편 아직 보지 못한 벽 바깥 세상에 대해 동경하던 앨런과 막강한 전투력의 보유자 미카사  마음 약한 아르민은 병사가 되어 마을을 지켜 나가는데   
51, 자막  블랙 클로버  기,액션,어린 시절 부모에게 버림을 받고 빈민 지역 교회에서 자란 아스타와 라이벌 유노  두 사람은 마법 세계의 정점인 마법제가 되겠다는 목표를 가지고 있다  그러나 아스타는 전혀 마력을 가지고 있지 않아 마법 기술을 쓰지 못하는 반면  유노는 어린 나이에도 불구하고 엄청난 마법의 소유자로 촉망 받는다  시간이 흘러 두 사람은   세가 되고  마력을 가진   세 아이들에게 마법기사단에 들어갈 수 있는 기회가 찾아온다  유노는 강력한 마력으로 초대 마법제가 받았던 행운이 담긴 네잎 클로버 마도서에게 선택받는 반면  아스타는 우여곡절 끝에 악마가 깃든 다섯 잎 클로버 마도서를 손에 넣게 된다  반년 후 마법기사단 입단 시험에 응시하는 아스타와 유노  아홉 개의 단으로 나눠진 마법기사단 모두에게 선택 받은 유노는 최강의 마법기사단  금색의 여명 에 들어간 반면  아스타는 간신히  검은 폭우 단에 선택되어 그들의 꿈을 좇게 되는데 
52,진격의 거인 The FINAL part  ,액션,그 거인은 언제 어떤 시대에도 자유를 갈망하며 나아갔다  자유를 위해 싸웠다  그 이름은    진격의 거인  드디어 밝혀진 벽 밖의 진실과 거인의 정체  이곳에 이르기까지 인류는 너무나도 큰 희생을 치렀다  그럼에도 그들은 계속 나아가야만 한다  벽 밖에 있는 자유의 상징  바다를 아직 그 눈으로 보지 못했으니까    이윽고 시간은 흘러 첫 번째  초대형 거인 에 의한 최초의 습격으로부터  년  조사병단은 월 마리아 밖의 벽외 조사를 감행한다   벽 너머에는 바다가 있고  바다 너머에는 자유가 있다  그렇게 믿어왔는데        벽 안의 인류가 처음으로 도달한 바다  끝없이 펼쳐진 수평선 너머에 있는 것은 자유인가  아니면       엘런 예거의 이야기는 새로운 국면을 맞이한다 
53, 더빙  원피스  기,액션,어렸을 적 악마의 열매를 먹고 몸이 맘대로 늘어나는 고무 인간이 돼버린 주인공 루피  그러나 해적왕이 꿈인 루피는 그 열매를 먹은 대가로 수영을 할 수가 없다  해적왕이 꿈인 소년이 수영을 할 수가 없다니 꿈을 접어야 할까  루피는 수영을 못한다면 물에 안 빠지면 된다며 자신의 꿈을 향해 전진한다  해적왕 골드로저가 남긴 보물 원피스를 차지하기 위해 수 많은 사람들이 바다로 뛰어드는 대해적 시대를 배경으로 세계지도를 그리려는 항해사  나미   최고의 검객를 꿈꾸는  조로   기적의 바다 오올 블루를 찾는 주방장  상디   코가 파랗다는 이유로 동료들에게 버려진 사슴인간  쵸파 이렇게 다섯 인물들의 파란만장한 모험 이야기가 펼쳐진다 
54, 자막  이 멋진 세계에 축복을   기,액션,게임을 사랑하는 은둔형 외톨이 소년  사토 카즈마의 인생은 너무나도 허무하게 그 막을 내린   줄 알았는데  정신을 차려보니 눈앞에 여신을 자처하는 미소녀가 있었다  이리하여  이세계로 넘어간 카즈마의 대모험이 시작  되나 싶었는데  결국 시작된 것은 의식주 확보를 위한 노동이었다  카즈마는 그저 평온하게 살고 싶지만  문제를 연달아 일으키는 여신 때문에 결국 마왕군에게 찍히고 마는데  
55,진격의 거인  기 part  ,액션,백 년이라는 긴 시간 동안 인류와 바깥 세계의 사이를 막아온 벽  그 벽 너머에는 본 적 없는 세계가 펼쳐져 있었다  불꽃의 물  물의 대지  사막의 설원 등 책에 써있던 것들은 소년의 탐구심을 자극할 뿐이었다  이윽고 시간이 지나 벽이 거인들에게 파괴된 지금  인류는 세계의 진실을 향해 한발한발 내디딘다  엘렌을 비롯한    기 병사들이 포함된 새로운 체제의 리바이반  본격적으로 움직이기 시작한 그들의 앞을 가장 강한 최악의 적이 가로막는다 
56,은혼  기,액션,외계인들이 습격으로 지구인과 천인 사이에   여년에 걸친 전쟁으로 대다수의 무사와 양이지사      가 천인이 벌인 전쟁에 참가했다  하지만 천인의 막강한 힘에 무릎을 꿇은 막부는 천인의 침략을 인정하고 조약을 체결하게 된다  무사들은 폐도령     으로 칼을 잃고  막부는 천인이 세운 괴뢰정권으로 변했다  이 내용은 실제 일어난 쿠로후네 사건을 모티브로 하고  에도 시대와 현대 문화 및 우주선을 자신의 감각에 맞게 섞어 놓았다  이 무렵 은발의 무사인 사카타 긴토키가 동료들과 함께 기상천외한 생활을 겪는 이야기이다 
57,거미입니다만  문제라도 ,액션,아주 평범한 여고생이었던 주인공  나 는  졸지에 판타지 세계의 거미 마물로 환생하게 된다  그 뿐만 아니라 깨어난 곳은 흉악한 몬스터로 가득 찬 던전  나의 인간적인 지식과 압도적인 긍지만 을 무기로  살아남기 위해 거미줄과 덫을 이용해 더 강한 몬스터들을 물리쳐야 한다  단지 살아남기 위해서 말이다 
58,마왕학원의 부적합자,액션,마왕으로 군림하던 아노스 볼디고드는 마왕성 데르조게이드에서 용사 카논이 창조신 미리티아와 대정령 레노와 함께 쳐들어오는 것을 맞이한다  마족과 인간  정령  신들 간의 전쟁에 질려버린 아노스는 그 비극을 끝내길 원했고   개의 세계로 분리하는 결계를 만드는 것과  천 년 후 전생하는 것을 조건으로 해서 그들을 불러들인 것으로 마왕 아노스는 용사의 검에 순순히 목숨을 내준다  그로부터  천 년 후  어느 젊은 부부가 갓난 아기를 낳는다  두 부부는 태어난 아기에게 어떤 이름을 지어줄까하면서 이름에 대해서 말한다  그리고 그 아기는 눈을 뜨면서 말한다   이름은 아노스  아노스 볼디고드다  
59,귀멸의 칼날   무한열차편,액션,혈귀로 변해버린 여동생 네즈코를 인간으로 되돌릴 단서를 찾아 비밀조직 귀살대에 들어간 탄지로  젠이츠  이노스케와 새로운 임무 수행을 위해 무한열차에 탑승 후 귀살대 최강 검사 염주 렌고쿠와 합류한다  달리는 무한열차에서 승객들이 하나 둘 흔적 없이 사라지자 숨어있는 식인 혈귀의 존재를 직감하는 렌고쿠  귀살대 탄지로 일행과 최강 검사 염주 렌고쿠는 어둠 속을 달리는 무한열차에서 모두의 목숨을 구하기 위해 예측불가능한 능력을 가진 혈귀와 목숨을 건 혈전을 시작하는데 
60,던전에서 만남을 추구하면 안 되는 걸까,액션,만남을 기대하며 던전에 뛰어든 인간 소년  벨    권속          을 찾아 거리를 헤매던 여신 헤스티아  둘의 운명적인 만남에서 새로운  신화               가 시작된다  사람들의 꿈과 욕망이 모인 이 도시에서  소년은 조그만 여신과 만난다   저는 강해질 거예요   벨은 던전에서 미녀와의 만남을 꿈꾸는 신출내기 모험자이지만 조그만 여신 헤스티아와 단둘이  파밀리아 를 세우고  던전 탐색의 나날이 시작되었다  여느 때처럼 던전에 내려갔던 그는 어느 날 미노타우로스와 조우한다  압도적으로 강한 몬스터에게 습격당해 절체절명의 위기   그런 그를 구한 것은 긴 금발과 금색 눈동자를 가진 아름다운 소녀   검희  아이즈 발렌슈타인이었다  언젠가는 그녀처럼       벨의 진정한 모험이 시작된다  
61, 무삭제  해골기사님은 지금 이세계 모험 중,액션,눈을 떠 보니       에서 자신이 사용하던 게임 캐릭 터의 모습으로 이세계에 떨어진  아크   그 모습은 외형이 갑옷  내용물은 전신골격인 해골기사  였다     정체를 들키면 몬스터로 몰려 토벌 대상이 될 수 있다   때문에  아크 는 눈에 띄지 않게 용병으로 지내기로 결심 하지만  눈앞에서 일어난 악행을 내버려 둘 만한 남자는 아니었다  해골기사님의 무자각  사회혁명 이세계 판타지  
62,문호 스트레이 독스  기,액션,백호와 검은 짐승   나카지마 아츠시와 아쿠타가와 류노스케의 공동 투쟁이 프랜시스  와의 결전을 제압하고 대국으로부터 내습한  길드 와의 거대 이능 전쟁은 종결을 맞이했다  그 싸움 속에서 맺어진  무장 탐정사 와 포트 마피아 의 휴전 협정을 이어가는 가운데  괴멸의 위기에서 벗어난 요코하마의 거리는 오늘도 일상이라는 이야기를 써나가고 있다 하지만 거기에는 유입되는 해외 범죄 조직의 소문과 길드 잔당의 그림자도 보일듯 말듯     한편  다자이 오사무는 우려했다   마인 의 각성과 새로운 재앙이 시작되는 것을    배수관에서 몸부림치는 도적단  죽음의 집의 쥐  의 두목  표도르    그 무서운 모략이 결국 송곳니를 드러낸다 
63,로그 호라이즌  기,액션, 만 명의 게이머가 게임 속 세계로 소환  더 이상 게임이 아닌 세계에서 히키코모리 기질의 안경 주인공의 모험이 시작된다  약  만 명의 게이머가 끌려 들어간 온라인 게임 속 세계인  엘더테일   그 세계의 한 지역인  아키바  거리는 표면적으로는 평온한 분위기를 회복했지만  다른 한편으로는 난폭한 공기를 여전히 간직하고 있었다  그 와중에 시로에는 도움을 받었던 초보 모험가 토우야와 미노리의 감금 사실을 알게 되고        아키바 의 정세에 혐오감을 씻을 수 없게 된 시로에가 드디어 움직인다  역전의 맹자   명을 결집시켜 무법 지대가 되어버린  아키바 에  희망 을 되찾기 위하여 
64,흑집사  기,액션, 어디까지나 집사니까요   그 집사  유능  만능  이능  최강  최고   도련님의 명령을 완벽하게 수행하는 수수께끼의 집사 세바스찬  그렇다  이것이 항간에 소문 자자한 집사 코믹   집사인 자  이 정도도 못하면 되겠습니까  영국의 명문 귀족 팬텀하이브 가의 집사 세바스찬  그는 지식  교양  품위  요리  무술    모든 면에서 완벽하다  자기밖에 모르는   세 주인을 상대로 칠흑 같은 연미복을 하늘하늘 나부낀다  세계에서 가장 홍차와 어울리는 집사만화를 당신에게     
65,나루토 질풍전  기,액션,악의 화신인 망량은 그 힘이 거대해져 세계를 파멸 직전으로 까지 몰고 간다  이에 귀신의 나라 무녀는 망량을 봉인하고 육체는 늪의 나라에 영혼은 귀신의 나라에 각각 봉인해버린다  하지만   년 뒤 봉인을 풀리고 대륙은 다시 멸망의 일촉즉발의 위기에 몰리게 된다  이에 각 나라의 닌자들이 힘을 합하여 망량에 의해 조정당하는 병마용을 쳐부수게 되는데   
66,Fate stay night  Unlimited Blade Works ,액션,무대는 바다와 산에 둘러싸인 도시 후유키 시  그 도시에서 행해지는 어떠한 의식  손에 넣은 자의 소망을 이루어주는 성배를 불러내기 위해 성배에게 선택받은 일곱 명의 마술사에게는 성배가 선택한 일곱 서번트가 각각 주어진다  검사  세이버  창병  랜서  궁사  아처  기병  라이더  마술사  캐스터  암살자  어쌔신  광전사  버서커  마스터는 일곱 서번트 중 하나와 계약하여 성배를 갈구하며 최후의 한 팀이 될 때까지 싸워나간다  그것이 바로  성배전쟁  그 다섯 번째 싸움이 지금 시작되려 한다 
67,체인소 맨,액션, 체인소의 악마 포치타와 함께 데블 헌터로 사는 소년 덴지  부모가 남긴 빚을 갚기 위해  가난한 생활을 하던 중  배신을 당해 죽임을 당하고 만다  희미해지는 의식 속에서  덴지는 포치타 와 계약을 맺고  악마의 심장을 가진 자  체인소 맨 으로 되살아 난다  
68,    에이티식스   기,액션,동부 전선 제 전투구역 제  방어 부대  통칭 스피어헤드 전단  산마그놀리아 공화국으로부터 배제된 에이티식스 소년 소녀들로 구성되어있는 그들은  기아데 제국이 투입한 무인 병기  레기온 과의 가혹한 싸움에 몸을 던지고 있었다  그렇게 하나둘 숫자가 줄어가는 스페어헤드 전단에게 주어진 성공률     임무 기간 무제한의  특별 정찰 임무   그것은 실질적으로 모국으로부터 내려진 사형 선고였으나  리더인 신에이 노우젠  라이덴 슈가  세오토 릿카  앙쥬 에마  크레나 쿠쿠미라  명은 그럼에도 불구하고 계속 싸우며 앞으로 나아가는 길을 선택했다  희망이나 미래를 추구하는 것이 아니다   전장 이  그들에게 있어선 유일하게 있을 곳이었으니까  그리고 그 염원은 아이러니하게도 모르는 사이에 발을 디딘 새로운 땅에서 이루어지게 되었는데    
69, 자막  천관사복,액션,선락국 태자 출신의 사련은 등선과 폄적을 반복하다 세 번째로 선경에 오른다  허나 실수로 신관들의 금전을 파괴하여 졸지에 공덕을 쌓아 만회해야 하는 처지에 놓인다  사련은 속세에 자신을 봉양하는 이가 없으니 직접 속세에 내려가 귀신을 제거하여 공덕을 쌓기로 하고  그 곳에서 자신을 도우려 온 두 어린 신관과 붉은 옷을 입은 신비로운 소년을 만난다  네 사람은 함께 괴이한 사건들을 차례로 해결해 나가지만  그와 동시에 찬란한 광채에 가려진 선계 신관들의 어두운 과거들마저 접하게 되는데   
70,던전에서 만남을 추구하면 안 되는 걸까  ,액션,그 도시에는 수많은 신이 살고 있고  도시 중심에는 지하 깊은 곳  심연에 도달할 수 있는  던전 이 존재한다  그 도시의 이름은 미궁 도시 오라리오  여신 헤스티아와 모헙자 벨 크라넬은 언제나처럼 주신과 단 한 명의 조직원이라는 최소 구성  하지만 사상 최고의 속도로 랭크업을 한 벨은 유례가 없을 정도로 주목을 받고 있다   미궁  만남  그리고 모험  이것은 다시 쓰이기 시작한  소년이 엮고 여신이 적은  권속의 이야기  
71,노 게임 노 라이프   판권 부활,액션,인터넷에서는 도시전설이라는 이야기마저 떠도는 천재 게이머 남매  소라   와 시로       가 항상 공란인 관계로 통칭 공백이라고 불리는 이 남매는 세상을 쓰레기 게임이라고 부르며 게임 폐인으로 지내고 있었다  그런데 어느 날 자칭 신이라는 자에게 이끌려 이세계로 소환되는데  그곳은 신에 의해 전쟁이 금지되었으며 모든 것 목숨과 국경선마저도 이 게임으로 결판이 나는 세계였다  다른 종족들에게 연패를 거듭해 마지막 도시 하나만을 남겨둔 일류  소라와 시로 폐인 남매가 이세계에서는 인류의 구세주가 될 수 있을까 
72,일곱 개의 대죄   신들의 역린   기 ,액션,아직 인간과 마물의 세계가 분리되기 전의 먼 옛 이야기   천 년의 시간을 지나 부활한 마신족의 정예  십계 와의 싸움에서  일곱 대죄 는 패배했고 멜리오다스는 죽었다  다이앤  킹  고서도 행방불명된 상태에서 리오네스 왕국을 위협하는  십계 의 마수  에스카노르가 에스타롯사를 물리치지만 약세는 계속된다  그리고 엘리자베스가 궁지에 몰린 그때  압도적인 힘을 되찾은 멜리오다스가 연옥에서 부활한다   십계 의 그레이로드와 프라우드린을 물리치고 리오네스 왕국은 지켜진다  복구되는 건물들 하지만 힘을 되찾은 일로 멜리오다스는 가장 흉악한 마신으로 불렸던 시절로 역행하고 있었다  카멜롯을 근거지로 삼은  십계 의 위협은 계속된다  브리타니아를 마신족으로부터 해방하기 위해  일곱 대죄 는 재집결을 향해 움직이기 시작한다 
73,Re   제로부터 시작하는 이세계 생활 감독판,액션,편의점에 다녀오는 길에 갑자기 이 세계에 소환된 고등학생 나츠키 스바루  이것이 요새 유행하는 이세계 소환인가   그러나 소환자는 없고  강도의 습격을 받아 일찍부터 생명의 위기가 찾아온다  그런 스바루를 구원한 것은  수수께끼의 은발 미소녀 사테라와 고양이 정령이었다  은혜를 갚는다는 명목으로 잃어버린 물건을 찾는 소녀를 돕는 스바루  그러나 단서를 잡은 순간 스바루와 소녀는 누군가의 습격을 받고 목숨을 잃는데   정신을 차리고 보니 처음 소환되었던 장소에 있었다        사망귀환  무력한 소년이 얻은 힘은 죽음으로써 시간을 되감는 능력뿐  이것은 첫째 날을 반복해 미래를 개척하는  시작의 이야기 
74,불꽃 소방대  기,액션,이  나라 는 뭔가를 숨기고 있다    네더에서의 격전을 마치고 신라와 동료들은  전도자 의 야망을 알게 된다  그 목적은 특수한 불꽃  아도라 버스트 의 사용자를 모아서    년 전의 대재해를 다시 일으켜서 세계를 멸망시키는 것이었다  아도라 버스트를 가진 신라는 전도자 일행의 타깃이 되지만 그들의 책략을 깨부수기 위해 분주하게 움직인다  새로운 아도라 버스트를 가진 소녀와의 만남 그리고 계속 숨겨 온 황국의 요지  아마테라스 이 커다란 비밀  불꽃에 미치고 불꽃에 이끌린 소년은 한 발씩 진실에 가까워진다 
75,청의 엑소시스트,액션,악마 중에 악마  사탄의 피를 물려받은 소년 오쿠무라 린  린은 자신의 존재를 모르고 살다가 어느 날 갑자기 린의 앞에 아버지라며 사탄이 나타나고 그를 악마가 사는 세계  게헤나 로 끌고 가려 한다  그러자 고명한 엑소시스트인 양아버지는 린을 지키다 목숨을 잃고 마는데   자신의 무력함에 분을 느낀 린은 엑소시스트가 되어 사탄과 싸우기로 굳게 결심하고 정십자 학원에 들어가게 된다  사탄에 맞서는 사탄의 사생아 오쿠무라 린의 판타지 액션  
76,나루토 질풍전  기,액션,지라이야와 함께 수행을 떠난지  년 반정도가 흐른 후  나루토가 다시 마을로 돌아왔다  나뭇잎마을에서 같이 수행하던 동기들도 부쩍 성장하였고  모래마을의 가아라는  카제카게 가 되기도 했다  어둠의 조직 아카츠키는 비밀리에  구미  를 모으는 작업을 진행한다  아카츠키에게 이미 가아라의  미를 뺏긴 상황에서   미를 발견했다는 소식을 듣고 그를 봉인하려 하지만 이번에도 결국 아카츠키에게 빼앗기고 만다   구미 를 둘러싸고 끊임없이 아카츠키와 대적하는 나루토 일행  그 과정에서 수많은 동료를 떠나 보내며 그들 역시 성장해나간다  한편  사스케는 오로치마루를 죽인 뒤 동료를 모아 평생의 숙적인 그의 형 이타치에게 복수하기 위한 준비를 서두른다 
77,    에이티식스 ,액션,기아데 제국에서 개발한 완전 자동화 무인 전투 병기  레기온 의 공격에 대응하기 위해 그 이웃 나라인 산마그놀리아 공화국이 개발한 무인 전투 병기  저거노트   하지만  무인이라는 건 이름뿐이었고 실제로는 사람으로 인정받지 못하는 사람들 에이티식스가 탑승해 도구처럼 다뤄지고 있었다  에이티식스들로 편성된 부대  스피어헤드 의 대장인 소년 신은 그저 죽음을 기다리는 것과도 같은 절망적인 전장 속에서 어떤 목적을 위해 싸움을 계속하고 있었다  거기에 공화국 엘리트 군인인 레나가 새로운 지휘관제관  핸들러 로서 부임했다  그녀는 에이티식스들의 희생으로 성립되는 공화국 체제를 혐오하고 있었으며   인간형 돼지 로 불리며 업신여김을 당하는 그들을 인간으로서 마주 보고자 하였다  죽음과 이웃한 최전선에서 싸움을 계속하는 에이티식스 소년과 장래를 촉망받는 재능있는 엘리트 소녀  결코 서로 마주할 일 없었을 터인 두 사람이  격렬한 싸움 속에서 미래를 바라본다 
78,모브사이코      기   판권 부활,액션,평범한 삶을 꿈꾸며 청춘을 동경하는 중  소년 카게야마 시게오  통칭 모브는 스트레스 지수가    이 되면 초능력이 극대화되어 잠재되어 있던 힘이 폭발하고 만다  모브는 엄청난 초능력을 보유한 소년이었던 것이다  하지만 자기표현이 극도로 서투른 모브는 스스로 초능력을 억누르며 살아간다  스승이자 사기 영능력자인 레이겐은 모브의 초능력을 이용하여 제령을 하고 어른으로서 조언   도 아끼지 않는다  그러나 모브의 힘을 이용하려는 사람들  모브를 둘러싼 웃음과 눈물  놀라움  싸움의 나날이 펼쳐진다  
79,나루토  기,액션,나뭇잎 마을의 우즈마키 나루토는 아무도 못말리는 말썽꾸러기인데다가  닌자 졸업 시험에 연속해서 낙방한 전력이 있는 문제아  다시 돌아온 시험에서 나루토는 마지막 관문인 분신술에 실패하여 또 낙제를 하게 된다  상심한 나루토에게 닌자 선생님 중 한 명인 미즈키 선생님이 다가와 마을 뒷산에 숨겨진  봉인의 서 봉인된 책  만 있으면 시험에 쉽게 통과할 수 있다고 알려준다  그러나 나루토가 이 책을 가지러 갔다는 말에  평소 나루토를 아껴주고 힘을 북돋워주던 이루카 선생님은 급히 나루토의 뒤를 쫒는다  미즈키는 사실 마을의 천덕꾸러기로 미움을 받고 있는 나루토를 이용하여 봉인의 서를 손에 넣으려는 음모를 꾸몄던 것이다  이 일을 계기로 나루토는 미즈키로부터 자신의 정체가 구미호의 봉인체라는 충격적인 이야기를 듣는다  사람들을 닥치는대로 해하던 흉한 구미호를 전설적인 닌자인 호카게가 당시 아기였던 자신의 몸에 봉인했다는 것이다  나루토는 마음의 충격이 컸지만 자신을 위로해주는 이루카 선생님의 말씀에 감동하여 마침내 자신의 능력을 제대로 선보이고  그 결과 졸업에 성공하게 된다  하급 닌자인 견습 닌자가 된 나루토는  꽤나 실력도 인물도 출중한 사스케와 당찬 여닌자 사쿠라를 동료로 하여 새로운 선생님인 카카시를 모시게 된다  하지만 행실이 그다지 선생님으로서 모범적이지 못한 카카시는 오히려 나루토 일행에게 실력이 너무 형편없다며 구박을 일삼는다  사실 말이 동료일뿐 팀 웍이 전혀 갖추어지지 않은 나루토 일행은 개인 플레이로 인해 여러번 일을 망치곤 한다  자신들의 주어진 일에 만족하지 못하고 있는 나루토 일행에게 호카게  최고의 닌자에게 대를 물려 이어지는 이름 는 새로운 임무를 주는데   
80, 더빙  헌터X헌터 리메이크 part  ,액션, 유유백서 로 유명한 작가 토가시 요시히로의 작품  곤은 아버지 진이 유명한 헌터였다는 말을 듣고 아버지의 흔적을 찾기 위해 헌터가 되기로 결심한다  이후 곤은 헌터 시험장에서 만난 암살족의 키르아  붉은 눈의 크라피카  그리고 레오리오와 함께 힘든 시험에 도전하여 어렵게 관문을 넘게 된다  헌터카드를 가지고 집으로 돌아온 곤은 아버지가 남긴 물건을 통해 그리드 아일랜드라는 게임이 아버지와 연관있다는 것을 알게 된다  그리드 아일랜드는 사람이 직접 게임 속으로 들어가 싸우는 것으로 아버지가 만든 넨능력자 전용 게임이다  여러가지 고비 끝에 결국 그리드 아일랜드 속에 들어간 곤과 키르아  게임 속에서 온갖 경험을 한 결과 능력이 더욱 상승한 두 사람  크라피카의 복수의 대상인  붉은 여단 과의 대결이 숨가쁘게 전개되고  이제 돌연변이 곤충들의 왕국과 인류와의 전쟁이 시작된다  과연 곤의 모험은 어디까지 이어질지      숨가쁘게 전개되는 인기 소년애니 
81,알바 뛰는 마왕님 ,액션,엔테 이슬라에서 세계정복을 코앞에 두고 마왕 사탄은 용사에게 패하여 이세계  일본 도쿄  사사즈카 로 도망친다  마력도 얼마 남지 않았고  말도 안 통하고 돈도 없는 상황    결국 마왕은 좁은 단칸방을 임시 마왕성으로 삼고  역 앞 패스트푸드 점에서 알바를 하며 부활을 꿈꾸는데    한편  마왕을 쫓아 일본에 온 용사 에밀리아 또한 텔레마케터로서 일본 경제와 싸우고 있었다  그런데 어느 날  이 두 사람이 도쿄에서 재회하게 되는데    
82,던전에서 만남을 추구하면 안 되는 걸까  ,액션,미궁도시 오라리오의 중심에 자리한 던전 수많은 몬스터가 생겨나는 이 큰 동굴에는 아직 인류가 상상할 수 없는  미지 를 무수히 많이 품고 있다  여신 헤스티아와 모험자 벨 크라넬이  헤스티아 파밀리아 를 결성한 지 어느덧 수개월  몇 명의 동료들이 추가로 가입하면서 그들의 파밀리아는 급속한 성장세를 보이며 도시의 주목을 모으고 있었다  갑자기 그들의 앞에 내려온  미지  그것은 제노스라고 불리는 말을 하는 몬스터였다   미지 는 일행을 혼란으로 이끌고 상식을 파괴하여 고뇌와 갈등을 불러일으킨다  그 앞에 있는  가능성 을 깊게 감춰 버릴 만큼       격동의 오라리오에서 벨이 결단을 내릴 때가 다가온다  이것은 소년이 걷고  여신이 기록하는   파밀리아 미스    
83,월드 트리거  기,액션,인구   만 명이 살고 있는 미카도 시에 어느 날 다른 세계로 통하는 게이트가 열렸다  이차원에서 온 침략자  네이버  의 위협에 맞서  이쪽  세계를 지키기 위한 경계방위기관  보더 가 맹활약하고 있다  문이 열리고  년 뒤  아직도 네이버들의 침략은 계속 되고 있지만  보더의 활약 덕분에 도시는 안정을 찾아가고 있다  중학생이면서 보더의 일원인 미쿠모 오사무는  수수께끼의 전학생 쿠가 유마와 만난다  제멋대로인 유마의 행동에 사사건건 휘둘리고 마는 오사무의 운명은  
84,나루토 질풍전  기,액션,나루토 일행들에게 임무가 내려졌다  그 임무는  불의 나라 국경 근처의 신성지역인 토니카 마을에서 일어난 마을 사람들의 참살 사건의 범인을 찾아 응징하라  는 것이다  오랜만에 받은 임무에 들뜬 나루토  하지만 그 마을에 도착해서 본 광경은 많은 집들이 무참히 파괴된 격렬한 싸움의 흔적들  왜 이 마을은 습격 당한 것일까  그리고 이 마을을 습격한 인물은 대체 누구인 것인가 
85,도쿄 구울,액션,먹이사슬이 정점에 있는 인간  그 중에서도 가장 상위에 위치한 최정점의 존재 인간을 먹이로 삼는 그들의 이름은  구울   인간과 바로 그  구울 이 뒤섞여 사는 세상에서 대학생 카네키는 그 존재를 실감하지 못한 채 평범한 나날을 보내고 있었다  죽을 목숨이었으나 놀랍게도 살아난 카네키  그날부터 그는  반 인간  반 구울  상태의 돌연변이가 되어 인간의 날고기 외에는 식욕을 느끼지 못하고 모두 토해버리는 끔찍한 괴물이 되어버리는데    청년이 괴인과 다시 만났을 때  기구한 운명의 수레바퀴가 돌기 시작한다   이제 인간을 먹지 않고선 살아갈 수가 없다   평범한 대학생에서 구울로 다시 태어난 카네키 켄  인간과 구울이라는 절대 교차할 수 없는 관계  고뇌하는 청년의 숙명이 지금 시작된다   
86,회복술사의 재시작,액션, 치유 의 용사로서 각성해서 다른 용사들과 세계를 구하기 위해 모험을 떠난 소년 케얄  하지만 전투능력이 없는 회복술사에게는 용사들에게 능력을 착취당하고 학대받는 나날이 기다리고 있었다  자유과 존엄을 빼앗기고 자아조차도 잃어가던 케얄은 어느 날  제정신을 되찾고  힐 의 진실을 깨닫는다   힐 은 단순한 치유가 아니다   힐 은 세계를  인간을 근원에서부터 뒤흔들 수 있는 힘이다  라고  케얄은 세계 그 자체에  힐 을 사용해서  년 전으로 모든 것을  재시작 할 것을 결심한다  그리고 용사들에게 복수할 생각에 가슴 설레는데        자  파티 복수 의 시작이다    
87, 더빙  원피스   기,액션,심해  만 미터에 있는 해저의 낙원인  어인섬 에 도착한 밀짚모자 일당은 섬을 다스리는  용궁왕국 의 왕인 넵튠의 초대를 받는다  왕궁에서 루피가 만난 시라호시 공주는 그녀를 노리는 해적 반더 덱켄  세로부터 몸을 지키기 위해 연금 상태에 놓여 있었다  한편  호디 존스가 이끄는  신어인해적단 이 덱켄 일당과 손잡고 용궁왕국의 붕괴를 노리며 움직이기 시작한다  신어인해적단은 예전에 루피가 쓰러뜨린 어인 해적 아론의 뜻을 이어받아 인간들에게 복수하기로 마음먹었다  호디는 인간과 친해지기를 바라는 사람을 제거하기 위해 왕국을 탈취하여 왕이 되겠다고 선언한다  루피는 정상전쟁에서 함께 싸운 전 칠무해 징베를 다시 만나서  오랜 세월에 걸쳐 어인섬에 뿌리내린 차별의 역사를 알게 된다  그리고 징베의 부탁을 받아 어인섬의 위기를 구하기 위해 신어인해적단과 대결한다  어인섬의 위기를 구한 루피 일행은 어인섬을 출항하여 마침내  위대한 항로  후반의 바다인  신세계 에 돌입한다 
88,이세계 미궁에서 하렘을,액션,어느 날  이 세상에 절망하고 있던  카가 미치오 가 발견한 것은 이상한 인터넷 게임  게임에 적혀 있던  이 세상이 살기 힘들다면 이세계에서 살면 된다  라는 말에 이끌려  설정이나 캐릭터 메이크업을 마친 미치오를 기다리고 있던 것은 현실과 다른 진짜 이세계 였다  다양한 스킬  무기  마법 그리고 미궁에 마치 게임 같은 이세계를 무대로  자신의 스테이터스를 자유롭게 재설정할 수 있는 힘을 구사하며 미치오의 모험이 막을 연다 
89,전생했더니 슬라임이었던 건에 대하여   전생슬라임 일기,액션,멋진 슬라임 인생   귀한 종이가 손에 들어와서 나의 지금까지를 일기로 쓰기로 했다  서두는 이렇게 할까     전생했더니 슬라임이었다   거기서부터 내 모험이  모험  이   장난기가 많고 유머러스한 리무루와 템페스트에 살고 있는 동료 마물들의 일상을 아낌없이 그려낸  슬라임 계열  전생 엔터테인먼트 
90, 더빙  헌터X헌터 리메이크 part  ,액션, 유유백서 로 유명한 작가 토가시 요시히로의 작품  곤은 아버지 진이 유명한 헌터였다는 말을 듣고 아버지의 흔적을 찾기 위해 헌터가 되기로 결심한다  이후 곤은 헌터 시험장에서 만난 암살족의 키르아  붉은 눈의 크라피카  그리고 레오리오와 함께 힘든 시험에 도전하여 어렵게 관문을 넘게 된다  헌터카드를 가지고 집으로 돌아온 곤은 아버지가 남긴 물건을 통해 그리드 아일랜드라는 게임이 아버지와 연관있다는 것을 알게 된다  그리드 아일랜드는 사람이 직접 게임 속으로 들어가 싸우는 것으로 아버지가 만든 넨능력자 전용 게임이다  여러가지 고비 끝에 결국 그리드 아일랜드 속에 들어간 곤과 키르아  게임 속에서 온갖 경험을 한 결과 능력이 더욱 상승한 두 사람  크라피카의 복수의 대상인  붉은 여단 과의 대결이 숨가쁘게 전개되고  이제 돌연변이 곤충들의 왕국과 인류와의 전쟁이 시작된다  과연 곤의 모험은 어디까지 이어질지      숨가쁘게 전개되는 인기 소년애니 
91,종말의 세라프,액션,어느 날 갑자기  미지의 바이러스에 의해 세계는 멸망했다  살아남은 것은 아이들뿐  그리고 그 아이들은 지하에서 나타난 흡혈귀들에게 지배당하게 된다  하쿠야 유우이치로우는 가족과 같은 하쿠야 미카엘라와 함께 흡혈귀에게 피를 바쳐 살고 있다  가축 같은 취급에 견디지 못한 유우이치로우는 미카엘라와 다른 고아들과 함께 바깥 세상으로 탈출하려 하는데   년 후  하쿠야 유우이치로우는 일본제귀군 흡혈귀 섬멸부대  월귀조 에 입대  스스로 무시무시한 흡혈귀들과의 전쟁에 몸을 던진다 
92,고블린 슬레이어,액션,난 세상을 구하지 않는다  고블린을 죽일 뿐이다  변경의 한 길드에는 고블린 토벌만으로도 은 등급 모험가 등급  위 까지 오른 엄청난 존재가 있다  모험자가 되어 처음으로 파티에 참여해 고블린 퇴치에 나섰다가 위기에 처한 여신관  그리고 그것을 구한 자가 바로 고블린 슬레이어라 불리는 남자였다  그 남자는 고블린 슬레이어라는 이름만큼 수단을 가리지 않고 계속해서 고블린만을 퇴치했다  그 고블린 슬레이어에게 휘둘리는 여신관  감사해하는 접수원  그를 기다리는 소꿉친구인 소치기 소녀  그리고 고블린 슬레이어의 소문을 들은 한 엘프가 어느 의뢰를 하기 위해 나타났다 
93,리코리스 리코일,액션,평온한 일상   그 이면에는 비밀이 있다  범죄를 미연에 방지하는 비밀 조직                        그곳의 에이전트인 소녀들   리코리스   당연한 일상도  그녀들 덕분이다  역대 최강의 리코리스라고 불리는 엘리트 니시키기 치사토  우수하지만 사연이 있는 리코리스 이노우에 타키나가 근무하는 카페  리코리코 도 지부 중 하나다  이곳에서 받는 주문은 커피와 디저트 주문부터 아이 돌보기  구매 대행  외국인을 위한 일본어 강사 등  리코리스 답지 않은 일 투성이다  자유로운 낙천가이자 평화주의자인 치사토와 쿨하고 효율을 중시하는 타키나  좌충우돌 콤비의 엉망진창인 일상이 시작된다 
94,달링 인 더 프랑키스,액션,그들은 꿈꾼다  언젠가 넓은 하늘을 나는 꿈을  유리로 가려진 하늘이 사실 굉장히 높은 것임을 알면서도  머나먼 미래  인류는 황폐해진 대지에 이동 요새 도시인  플랜테이션 을 건설했다  그리고 도시 안에 만들어진 파일럿 거주지역  미스틸테인   통칭  새장   아이들은 바깥 세상은 전혀 모른 채  자유로운 하늘을 모른 채 그곳에 살고 있다  그들이 맡은 일은 그저 싸우는 것뿐  그들이 싸우는  적 은 모든 것이 비밀에 쌓여있는 거대생명체  규룡   본 적도 없는 적에게 맞서기 위해 아이들은  프랑크스 라 불리는 로봇에 탄다  로봇을 타는 것만이 자신들의 존재를 증명하는 것이라 믿고서  예전에 신동이라 불리던 소년이 있었다  코드 넘버는      이름은 히로  하지만 프랑크스에 타지 않는다면 존재하지 않는다는 것과 같은 의미였기에 지금은 그저 낙오자였으며 그 누구에게도 필요로 하지 않는 존재였다  그런 히로에게 머리에 뿔이 달린 의문의 소녀 제로 투가 나타났다   찾았다  나의 달링  
95,Re   제로부터 시작하는 이세계 생활  기 part  ,액션,내가 반드시 너를 구해 보이겠어  마녀교 대죄사교  나태  담당 페텔기우스 로마네콩티를 물리치고 에밀리아와 재회한 나츠키 스바루  괴로운 결별을 극복하고 드디어 만난 두 사람이었지만 그것은 새로운 파란의 시작이었다  상상을 뛰어넘는 절체절명의 위기 그리고 덮쳐오는 무자비한 현실  소년은 다시 가혹한 운명에 맞선다    
96,나루토 질풍전  기,액션, 년이라는 시간동안 힘을 손에 넣은 사스케가 드디어 움직이기 시작했다  다년간의 비원을 완수하기 위해 순조롭게 타도 이타치를 준비하는 사스케  충격적인 소식을 듣는 나루토는 사스케를 저지하기 위해  앞서서 이타치의 신병을 구속하기 위해 동료들과 행동을 개시한다  한편  힘을 길러가는 아카츠키 세력을 염려하는 지라이야는  정보망을 통해 리더의 소재를 밝혀낸다  마을의 미래를 지키기 위해 잡입을 시도하는 지라이야를 기다리고 있는 것은 
97,혈계전선,액션,한때 뉴욕이라 불리던 거리는  년 전에 출현한 게이트 때문에 단 하룻밤 만에 소실됐다  지금은 상상의 산물로 여겨지던 이계의 생물들과 현세가 뒤섞여 다양한 의도를 가진 자들이 함부로 설치는 거리  헤르살렘즈 롯 이 구축되었다  그런 세계의 균형을 유지하려 비밀리에 움직이는 조직이 있었으니 그 조직의 이름은  비밀 결사 라이브라    소년  레오나르도 는 우연한 계기로 라이브라에 입단하게 되는데    과연 그를 기다리고 있는 운명은 
98,나이츠 앤 매직,액션,천재 프로그래머이자 프라모델 오타쿠인 쿠라타는 어느 날 사고로 죽고만다  그리고 그의 영혼은 이세계의  에르네스티 로 환생하게 되는데  전생의 기억을 가진 다시 태어난 세계에서 거대 인간형 병기 실루엣 나이트를 본 에르  그는 실루엣 나이트를 조종하는 나이트러너가 되기로 결심하는데 
99,나루토 질풍전  기,액션,건강을 되찾은 카카시와 함께 나루토는 차크라 성질변화를 위한 수행을 시작하고  나루토만의 고유 술법을 만들기 위해 열심히 수행에 임하지만 쉽지만은 않다  한편 츠나데는 국경 주변의 사건이 아카츠키의 소행인지 알아보기 위해 아스마와   조를 보내고  나루토에게는  등급 임무인 무덤 도굴꾼 조사를 맡긴다  임무 중 불의 절에 가게 된 나루토 일행은 네 군데의 숨겨진 무덤에 묻힌 사람들의 이야기를 듣게 되는데  
100,나루토 질풍전  기,액션,불의 나라의 나뭇잎 마을의 수장인 호카게를 목표로 열심히 수련하는 소년 닌자 우즈마키 나루토를 중심으로 그려진 닌자액션 애니메이션  쉴 틈없이 달려온 나루토 질풍전의 최종결전이 드디어 시작된다 
101,용사  그만둡니다,액션,마왕군의 침공으로부터 세계를 구한 용사 레오  하지만 그 강함은 평화로운 세계를 맞이한 사람들에게 엄청난 위협이 되었고  끝내 성도로부터 추방당하고 말았다  지위도 명예도 있을 곳도 잃은 채 방황하던 용사가 다다른 곳에 있는 건    너덜너덜한 마왕군   인간에 대한 원한 때문인지  자포자기한 건지는 알 수 없으나  마왕 앞에서 정체를 숨기고 사천왕과 함께 마왕군 재건에 임하는 레오  은퇴 용사의 대업  그 앞에 펼쳐질 미래는 과연    
102,나루토 질풍전  기,액션,나루토를 노리는 가면의 남자와 카부토  그리고 나루토를 보호하기 위한 닌자연합은 결국  차 닌자대전을 일으키게 된다  전장은 세 곳  하나는 나루토와 가면의 남자가 대결하는 전장  가면의 남자가 조종하는 인주력들에게 고전하는 나루토는  구미에게 인정받고 미수화하는데 성공한다  두 번째  우치하 마다라와 츠나데  오오노키  다섯 카게가 격투를 펼치는 전장  마다라의 압도적인 공격에 고전하지만 다섯 카게들은 결코 포기하지 않고 힘을 모아 맞선다  그리고 마지막 전장에서  예토전생의 술자이자 카부토의 행방을 알아냈던  이타치와 사스케가 카부토와 대치한다  이타치는 예토전생을 억제하기 위해  사스케는 진실을 알기 위해  이윽고 전쟁의 운명을 결정할 전투가 벌어진다 
103,은혼  기 DASH편,액션,에도 시대 말기  하늘에서 내려온  천인 의 침략으로 전쟁이 발생한다  막부들은 결국 천인과의 공존을 위해 사람들에게 검을 소지할 수 없도록 폐도령을 내려서 사무라이가 큰 위기를 겪고 있다  그러나 사무라이 정신을 굳게 간직한 남자가 있었으니 그의 이름은 사카타 긴토키  단 것을 좋아하는 저돌적인 이 남자가 부패한 에도를 두동강을 낼지도   긴토키가 동료들을 만나면서 일어나는 병맛 코미디물 
104,어떤 과학의 초전자포 T,액션, 대패성제   일주일에 걸쳐서 개최되며 능력자들이 학교 대항전 형식으로 격전을 벌이는 거대한 운동회  대회 기간 중에는 학원도시의 일부가 민간인들에게도 개방되어 전 세계로 그 모습이 중계되는 큰 이벤트를 앞두고 모두가 들떠 있었다  그 화려한 무대 뒤편에서 꿈틀거리는 것에 대해서는 전혀 눈치채지 못한 채   
105,모브사이코      기,액션,평범한 삶을 꿈꾸며 청춘을 동경하는 중  소년 카게야마 시게오  통칭 모브는 스트레스 지수가    이 되면 초능력이 극대화되어 잠재되어 있던 힘이 폭발하고 만다  모브는 엄청난 초능력을 보유한 소년이었던 것이다  하지만 자기표현이 극도로 서투른 모브는 스스로 초능력을 억누르며 살아간다  스승이자 사기 영능력자인 레이겐은 모브의 초능력을 이용하여 제령을 하고 어른으로서 조언   도 아끼지 않는다  그러나 모브의 힘을 이용하려는 사람들  모브를 둘러싼 웃음과 눈물  놀라움  싸움의 나날이 펼쳐진다  
106,Fate Zero,액션,                 의 사건이 일어나기   년 전  과연 후유키 시에서는 무슨 일이 있었던 것일까  제  차 성배전쟁 개막  성배전쟁   그것은 모든 소망을 이룰 수 있는  성배 를 손에 넣으려는 일곱 마술사가 소환한 서번트를 이용하여 목숨을 걸고 싸우는 궁극의 배틀 로열   마술사 킬러 라는 별명을 가진 에미야 키리츠구는 자신의 숙원을 위해 소환한 영령  세이버 와 함께 모든 것을 걸고 성배를 둘러싼 싸움에 몸을 던지는데                    의 희망과 이어지는  거대한 운명의 이야기가 막을 연다 
107, 더빙  헌터X헌터 리메이크 part  ,액션, 유유백서 로 유명한 작가 토가시 요시히로의 작품  곤은 아버지 진이 유명한 헌터였다는 말을 듣고 아버지의 흔적을 찾기 위해 헌터가 되기로 결심한다  이후 곤은 헌터 시험장에서 만난 암살족의 키르아  붉은 눈의 크라피카  그리고 레오리오와 함께 힘든 시험에 도전하여 어렵게 관문을 넘게 된다  헌터카드를 가지고 집으로 돌아온 곤은 아버지가 남긴 물건을 통해 그리드 아일랜드라는 게임이 아버지와 연관있다는 것을 알게 된다  그리드 아일랜드는 사람이 직접 게임 속으로 들어가 싸우는 것으로 아버지가 만든 넨능력자 전용 게임이다  여러가지 고비 끝에 결국 그리드 아일랜드 속에 들어간 곤과 키르아  게임 속에서 온갖 경험을 한 결과 능력이 더욱 상승한 두 사람  크라피카의 복수의 대상인  붉은 여단 과의 대결이 숨가쁘게 전개되고  이제 돌연변이 곤충들의 왕국과 인류와의 전쟁이 시작된다  과연 곤의 모험은 어디까지 이어질지      숨가쁘게 전개되는 인기 소년애니 
108,예를 들어 라스트 던전 앞 마을의 소년이 초반 마을에서 사는 듯한 이야기,액션,도시에서 멀리 멀리 떨어진 마을에 사는 소년 로이드  군인의 꿈을 품은 그는 사실  마을에서 가장 약한 남자   그런 그가 군인이 되는 것에 대해 주위 마을 사람들은 대 반대  그러나 로이드의 결의는 굳건해 왕도로 여행을 떠나게 된다  하지만  그를 포함해 마을 사람들은 어떤 중대한 사실을 모르고 있었는데    자신들이 일찍이 세계 를 구한 영웅의 후예이며  모두가 인간으로부터 멀어진 힘을 가지고 있다는 것  그리고  마을에서 가장 약한  로이드도 일반적으로는 상식 밖으로 강하다는 것을   
109,갓슈벨  ,액션,머리가 너무 좋아서 반에서 겉도는 존재였던 중학생 타카미네 키요마로  그런 키요마로에게 빨간책과 함께 신기한 아이 갓슈벨이 찾아온다  키요마로가 그 빨간책을 들고 주문을 외치면 다양한 술법을 쓰게 되는 갓슈는 천 년에 한 번 행해지는 마계의 왕을 결정하는 싸움에 출전하게 된    명의 마물 아이 중 한 명이었다  키요마로와 갓슈는 마계의 왕이 되기 위해 마물 아이들과 싸워야만 하는 기구한 운명에 갈등하면서도 서로의 가능성을 깨닫고  어느 샌가 둘 사이엔 두터운 우정이 싹튼다  울보인 갓슈의 순수한 마음을 접하고  지금까지 완고하게 닫고 살았던 자신의 마음을 서서히 열어 나가는 키요마로  생존을 걸고 차례로 나타나는 경쟁자들과의 싸움을 통해 갓슈와 키요마로의 유대감은 더욱 깊어져 간다 
