titles,category
소드 아트 온라인  기,sf
 자막  나의 히어로 아카데미아  기,sf
 자막  나의 히어로 아카데미아  기,sf
 자막  나의 히어로 아카데미아  기,sf
암살교실  기,sf
 자막  나의 히어로 아카데미아  기,sf
소드 아트 온라인 앨리시제이션,sf
암살교실  기,sf
 자막  나의 히어로 아카데미아  기,sf
다 다 다 ,sf
소드 아트 온라인  기,sf
청춘 돼지는 바니걸 선배의 꿈을 꾸지 않는다,sf
로그 호라이즌  기,sf
    에이티식스   기,sf
    에이티식스 ,sf
슈타인즈 게이트,sf
월드 트리거  기,sf
달링 인 더 프랑키스,sf
슈타인즈 게이트 제로,sf
로그 호라이즌  기,sf
 자막  일하는 세포,sf
 자막  닥터스톤,sf
보석의 나라,sf
기생수 세이의 격률,sf
XXX HOLiC  기,sf
소드 아트 온라인 앨리시제이션 War of Underworld part  ,sf
 무삭제  소드 아트 온라인 앨리시제이션 War of Underworld part  ,sf
PSYCHO PASS  기,sf
학전도시 애스터리스크,sf
종말의 하렘,sf
소드 아트 온라인 앨리시제이션 War of Underworld part  ,sf
 더빙  나의 히어로 아카데미아  기,sf
 더빙  시광대리인,sf
 무삭제  소드 아트 온라인 앨리시제이션 War of Underworld part  ,sf
 더빙  나의 히어로 아카데미아  기,sf
 자막  나의 히어로 아카데미아  기,sf
히프노시스 마이크  Division Rap Battle ,sf
 더빙  나의 히어로 아카데미아  기,sf
리라이프   판권 부활,sf
ACCA   구 감찰과,sf
인게이지 키스,sf
SSSS GRIDMAN,sf
Vivy  Fluorite Eye s Song ,sf
언빌리버블 스페이스 러브,sf
학전도시 애스터리스크  기,sf
 자막  개구리 중사 케로로  기,sf
PSYCHO PASS  기  신편집판 ,sf
아쿠다마 드라이브,sf
 더빙  나의 히어로 아카데미아  기,sf
원더 에그 프라이어리티,sf
 더빙  나의 히어로 아카데미아  기,sf
헌드레드,sf
블랙 불릿,sf
소드 아트 온라인 얼터너티브   건 게일 온라인,sf
살애,sf
PSYCHO PASS  기,sf
저 너머의 아스트라,sf
데카당스,sf
마장학원 HxH,sf
XXX HOLiC  기,sf
소드 아트 온라인 Extra Edition OVA,sf
월드 트리거  기,sf
로그 호라이즌   원탁붕괴,sf
아라카와 언더 더 브리지  기,sf
월드 트리거  기,sf
달과 라이카와 흡혈공주,sf
노 건즈 라이프 part  ,sf
마크로스 프론티어,sf
 자막  시간을 달리는 소녀,sf
GANGSTA ,sf
SSSS DYNAZENON,sf
기동전사 건담 유니콘 RE     ,sf
극장판 소드 아트 온라인  오디널 스케일 ,sf
Sonny Boy,sf
나의 히어로 아카데미아   구해라  구조 훈련 ,sf
나의 히어로 아카데미아   살아남아라  결사의 서바이벌 훈련,sf
어설트 릴리 BOUQUET,sf
청춘 돼지는 꿈꾸는 소녀의 꿈을 꾸지 않는다,sf
암살교실      일의 시간,sf
이세계 피크닉,sf
 더빙  닥터스톤,sf
 자막  썸머 워즈,sf
TIGER   BUNNY   판권 부활,sf
 더빙  무적코털 보보보 시즌  ,sf
창궁의 파프너  기,sf
 자막  개구리 중사 케로로  기,sf
경계전기,sf
리라이프 FINAL ARC,sf
소녀전선,sf
극장판 짱구는 못말려   기   정면승부  로봇아빠의 역습,sf
 더빙  키테레츠 대백과 시즌  ,sf
기동전사 Z 건담,sf
아라카와 언더 더 브리지  기,sf
코드기아스 부활의 를르슈,sf
 자막  시광대리인,sf
신 도라에몽  기,sf
시도니아의 기사  기   판권 부활,sf
신 도라에몽   기,sf
역전세계의 전지소녀,sf
창궁의 파프너  기   EXODUS,sf
극장판 코드기아스 반역의 를르슈  부  흥도 ,sf
NIGHT HEAD     ,sf
겟타로보 아크,sf
 자막  개구리 중사 케로로  기,sf
극장판 블러드 C   더 라스트 다크,sf
도쿄   구,sf
노 건즈 라이프 part  ,sf
풀 메탈 패닉  IV   Invisible Victory,sf
TRICKSTER  에도가와 란포  소년탐정단 으로부터 ,sf
시도니아의 기사  기   판권 부활,sf
 더빙  소닉 X,sf
 자막  개구리 중사 케로로  기,sf
나의 히어로 아카데미아 더 무비   히어로즈 라이징,sf
PSYCHO PASS Sinners of the System,sf
천원돌파 그렌라간   나암편,sf
 무삭제  풀 메탈 패닉  IV   Invisible Victory,sf
신세기 사이버 포뮬러 SAGA,sf
공각기동대,sf
신 도라에몽 스페셜  기,sf
신 도라에몽  기,sf
신 도라에몽  기,sf
극장판 코드기아스 반역의 를르슈  부  황도 ,sf
용과 주근깨 공주,sf
신 도라에몽  기,sf
천원돌파 그렌라간   홍련편,sf
동쪽의 에덴,sf
플래닛 위드,sf
극장판 코드기아스 반역의 를르슈  부  반도 ,sf
Deep Insanity THE LOST CHILD,sf
신 도라에몽  기,sf
신 도라에몽  기,sf
트랜스포머 프라임 시즌  ,sf
낙원추방,sf
 더빙  무적코털 보보보 시즌  ,sf
 자막  개구리 중사 케로로  기,sf
ACCA   구 감찰과 Regards,sf
신세기 사이버 포뮬러 SIN,sf
나의 히어로 아카데미아 더 무비   두 명의 히어로,sf
신 도라에몽  기,sf
 자막  개구리 중사 케로로  기,sf
트랜스포머 프라임 시즌  ,sf
아키라   판권 부활,sf
신세기 사이버 포뮬러 ZERO,sf
더블데커  더그 키릴,sf
에스타브 라이프 그레이트 이스케이프,sf
최강합체 믹스마스터,sf
경계전기  기,sf
나의 히어로 아카데미아 더 무비   월드 히어로즈 미션,sf
카드왕 믹스마스터,sf
 더빙  무적코털 보보보 시즌  ,sf
신세기 사이버 포뮬러   ,sf
 자막  개구리 중사 케로로  기,sf
기동전사 건담 디 오리진     푸른 눈의 캬스발,sf
트랜스포머 프라임 시즌  ,sf
 더빙  시간을 달리는 소녀,sf
극장판 XXX 홀릭   한여름 밤의 꿈,sf
 더빙  썸머 워즈,sf
아쿠에리온 EVOL,sf
테슬라 노트,sf
살생님 Q ,sf
간츠  오,sf
사쿠간,sf
극장판 짱구는 못말려   기   격돌  낙서왕국과 얼추 네 명의 용사들,sf
 더빙  가면라이더 지오,sf
은하철도     part  ,sf
기동전사 건담 디 오리진     탄생 붉은 혜성,sf
장갑 소녀 전기,sf
메갈로 복스     NOMAD,sf
리스너즈,sf
해수의 아이,sf
 더빙  마징가 Z,sf
 더빙  파워레인저 루팡포스 VS 패트롤포스,sf
기동전사 건담 썬더볼트   디셈버 스카이,sf
취성의 가르간티아   판권 부활,sf
 더빙  파워레인저 트레저포스 HD,sf
기동전사 건담 디 오리진     격돌 루움 전투,sf
유레이데코,sf
기동전사 건담 디 오리진     운명의 전야,sf
기동전사 건담 썬더볼트   밴디트 플라워,sf
극장판 기동전함 나데시코,sf
기동전사 건담 디 오리진     슬픔의 아르테이시아,sf
기동전사 건담 디 오리진     새벽의 봉기,sf
기동전사 건담 내러티브,sf
극장판 소드 아트 온라인  프로그레시브   별 없는 밤의 아리아,sf
에어로버   피닉스의 부활,sf
건담 G의 레콘기스타    가라  코어 파이터,sf
교향시편 유레카 세븐 하이에볼루션  ,sf
공각기동대    ,sf
애플시드,sf
게키돌,sf
바쿠간 배틀 바쿠기어,sf
메타제트,sf
에어로버   스페이스 드론의 귀환,sf
은하철도     part  ,sf
극장판 창궁의 파프너   Heaven and Earth,sf
 더빙  포텐독 시즌  ,sf
교향시편 유레카 세븐 하이에볼루션     아네모네,sf
창궁의 파프너  RIGHT OF LEFT OVA,sf
 더빙  포텐독 시즌  ,sf
 자막  우주 형제     판권 부활,sf
건담 G의 레콘기스타    벨리 격진,sf
은하철도     part  ,sf
극장판 트랜스포머 프라임 프레데콘 라이징,sf
천공의 성 라퓨타,sf
극장판 닥터스톤 류스이,sf
철인   호  백주의 잔월,sf
에반게리온 신극장판   파,sf
풀 메탈 패닉   st Section   Boy Meets Girl,sf
에반게리온 신극장판   서,sf
시도니아의 기사   사랑을 잣는 별,sf
에반게리온 신극장판   Q,sf
볼츠와 블립,sf
출동  애니멀 레스큐 part  ,sf
 더빙  가면라이더 이그제이드 트루엔딩,sf
바람계곡의 나우시카,sf
극장판 시도니아의 기사,sf
도라에몽   진구의 신공룡,sf
도라에몽   진구의 달 탐사기,sf
 더빙  우주 형제     판권 부활,sf
교향시편 유레카 세븐 하이에볼루션  ,sf
First Shift,sf
 더빙  가면라이더 뉴 제네레이션 FOREVER,sf
출동  애니멀 레스큐 part  ,sf
게키돌 OVA,sf
 더빙  GO 아스트로 보이 Go ,sf
 더빙  가면라이더 Dr 팩맨 vs 이그제이드,sf
 더빙  가면라이더 이그제이드 외전   겜마 vs 레이저,sf
풀 메탈 패닉   rd Section   Into the Blue,sf
풀 메탈 패닉   nd Section   One Night Stand,sf
 더빙  가면라이더 지오 Over Quartzer,sf
영원의    ,sf
기동전사 건담 쿠쿠루스 도안의 섬,sf
 더빙  파워레인저 갤럭시포스 VS 스페이스 스쿼드,sf
창궁의 파프너  기   THE BEYOND,sf
 더빙  가면라이더 X 파워레인저 초 슈퍼 히어로 대전,sf
 더빙  가면라이더 이그제이드 외전   패러독스 with 뽀삐,sf
 더빙  가면라이더 이그제이드 외전   브레이브   스나이프,sf
도라에몽   스탠바이미  ,sf
키카이더 리부트,sf
도라에몽   진구와 양철 인형,sf
아치와 씨팍,sf
 더빙  가면라이더 고스트    개의 아이콘과 고스트   운명의 순간,sf
 더빙  파워레인저 다이노VS루팡VS패트롤,sf
 더빙  가면라이더 파이널 빌드   이그제이드 with 레전드 라이더,sf
space radio,sf
도라에몽   진구와 구름 왕국,sf
 더빙  가면라이더 빌드   Be The One,sf
 더빙  극장판 도라에몽   진구의 우주소전쟁,sf
도라에몽   진구와 꿈의 삼총사,sf
 더빙  가면라이더 고스트 리 버스 가면라이더 스펙터,sf
 더빙  파워레인저 다이노소울   타임슬립  위기의 공룡시대,sf
 더빙  파워레인저 갤럭시포스 게스 인더베이의 역습,sf
건담 G의 레콘기스타    우주로부터의 유산,sf
볼츠와 블립 달나라 리그의 전투,sf
도라에몽   진구의 도라비안 나이트,sf
라이온 킹   잃어버린 세계를 찾아서,sf
갤럭시키즈  ,sf
아이의 노랫소리를 들려줘,sf
" 더빙  파워레인저 갤럭시포스 스팅거, 그날의 기억",sf
 더빙  꼬마잠수함 올리,sf
 자막  극장판 도라에몽   진구의 우주소전쟁,sf
 더빙  꼬마잠수함 올리  ,sf
슈퍼노바 지구 탈출기,sf
백투더 씨,sf
마징가 Z   인피니티,sf
갤럭시키즈  ,sf
인간 실격,sf
극장판 은하철도    ,sf
기동전사 건담 수성의 마녀,sf
발명왕 볼트,sf
은혼  기,개그
전생했더니 슬라임이었던 건에 대하여  기,개그
 자막  스파이 패밀리 part  ,개그
전생했더니 슬라임이었던 건에 대하여  기  부,개그
지박소년 하나코 군,개그
그 비스크 돌은 사랑을 한다,개그
전생했더니 슬라임이었던 건에 대하여  기  부,개그
가정교사 히트맨 리본 ,개그
암살교실  기,개그
 자막  오란고교 사교클럽,개그
카구야 님은 고백받고 싶어  천재들의 연애 두뇌전   기,개그
코바야시네 메이드래곤,개그
 더빙  강철의 연금술사 BROTHERHOOD,개그
코바야시네 메이드래곤 S,개그
여성향 게임의 파멸 플래그밖에 없는 악역 영애로 환생해버렸다   ,개그
암살교실  기,개그
카구야 님은 고백받고 싶어  천재들의 연애 두뇌전   기,개그
슈퍼 시크릿,개그
 더빙  오란고교 사교클럽,개그
다 다 다 ,개그
원펀맨  기,개그
아픈 건 싫으니까 방어력에 올인하려고 합니다,개그
월간순정 노자키 군,개그
원펀맨,개그
카구야 님은 고백받고 싶어  울트라 로맨틱 ,개그
 자막  스파이 패밀리 part  ,개그
마왕성에서 잘 자요,개그
 자막  이 멋진 세계에 축복을   기,개그
 더빙  원피스  기,개그
은혼  기,개그
"거미입니다만, 문제라도 ",개그
 더빙  짱구는 못말려   ,개그
우라미치 선생님,개그
청의 엑소시스트,개그
어쨌든 귀여워,개그
바라카몬,개그
여성향 게임의 파멸 플래그밖에 없는 악역 영애로 환생해버렸다  X,개그
알바 뛰는 마왕님 ,개그
선배가 짜증나는 후배이야기,개그
건어물 여동생 우마루짱,개그
 더빙  원피스   기,개그
전생했더니 슬라임이었던 건에 대하여   전생슬라임 일기,개그
"여친, 빌리겠습니다  기",개그
파티피플 공명,개그
나이츠 앤 매직,개그
은혼  기 DASH편,개그
미이라 사육법,개그
예를 들어 라스트 던전 앞 마을의 소년이 초반 마을에서 사는 듯한 이야기,개그
갓슈벨  ,개그
니세코이,개그
블리치  기,개그
보스 따님과 돌보미,개그
 더빙  원피스   기,개그
 더빙  토리코  기,개그
심심한 칠드런,개그
 등분의 신부  ,개그
 더빙  원피스  기,개그
 더빙  짱구는 못말려   ,개그
프린세스 커넥트  Re Dive,개그
사카모토입니다만 ,개그
에로망가 선생,개그
옆자리 괴물군,개그
 자막  일하는 세포,개그
즐겁게 놀아보세,개그
블리치  기,개그
블리치  기,개그
 등분의 신부,개그
 더빙  마계학교 이루마군  기,개그
아하렌 양은 알 수가 없어,개그
이세계 미소녀 수육 아저씨와,개그
"저, 능력은 평균치로 해달라고 말했잖아요 ",개그
장난을 잘 치는 타카기 양  기,개그
 자막  이 멋진 세계에 축복을   기,개그
보이는 여고생,개그
 더빙  원피스  기,개그
독점 마이 히어로,개그
 무삭제  이 용사가 ZZANG센 주제에 너무 신중하다,개그
 더빙  토리코  기,개그
이세계 콰르텟,개그
 자막  내 이야기  ,개그
 자막  중 병이라도 사랑이 하고싶어 ,개그
킬라킬,개그
사랑은 세계정복 후에,개그
"괴롭히지 말아요, 나가토로 양",개그
케이온   기,개그
너와 나의 눈높이,개그
슈퍼 러버즈  기,개그
사신 도련님과 검은 메이드,개그
 더빙  원피스   기,개그
우자키 양은 놀고 싶어 ,개그
타나카 군은 항상 나른해,개그
케이온    기,개그
쟈히님은 기죽지 않아 ,개그
뻐꾸기 커플,개그
진화의 열매  모르는 사이 성공한 인생 ,개그
 자막  유유백서 리마스터,개그
 더빙  원피스   기,개그
이 용사가 ZZANG센 주제에 너무 신중하다,개그
 더빙  원피스   기,개그
" 자막, 무삭제  이 멋진 세계에 축복을   기",개그
 더빙  원피스  기,개그
건어물 여동생  우마루짱 R   기 ,개그
"그 남자, 그 여자의 사정",개그
블렌드 S,개그
블리치  기,개그
흡혈귀는 툭하면 죽는다,개그
새 엄마가 데려온 딸이 전 여친이었다,개그
블리치  기,개그
 더빙  반요 야샤히메  기,개그
슬램덩크 리마스터,개그
 무삭제  이세계는 스마트폰과 함께,개그
"동거인은 무릎, 때때로 머리 위",개그
나에게 천사가 내려왔다 ,개그
 더빙  마계학교 이루마군  기,개그
 더빙  원피스   기,개그
슈퍼 러버즈  기,개그
GTO 반항하지마,개그
경계의 저편,개그
장난을 잘 치는 타카기 양  기,개그
노라가미,개그
가브릴 드롭아웃,개그
새여동생 마왕의 계약자,개그
음란한 아오는 공부를 할 수 없어,개그
 더빙  반요 야샤히메  기,개그
우리는 공부를 못해,개그
알바 뛰는 마왕님  ,개그
달의 요정 세일러 문,개그
 더빙  원피스   기,개그
이세계 콰르텟  ,개그
쌍성의 음양사,개그
노라가미 ARAGOTO,개그
도우미 여우 센코 씨,개그
"전투원, 파견합니다 ",개그
이세계는 스마트폰과 함께,개그
 더빙  원피스   기,개그
 더빙  짱구는 못말려   ,개그
캐릭캐릭 체인지 part  ,개그
전생했더니 슬라임이었던 건에 대하여 OAD,개그
마요치키,개그
 더빙  짱구는 못말려   ,개그
나를 좋아하는 건 너뿐이냐,개그
중 병이라도 사랑이 하고싶어  연,개그
니세코이    기 ,개그
남자 고교생의 일상,개그
이웃집 흡혈귀 씨,개그
 더빙  토리코  기 part     판권 부활,개그
 더빙  원피스  기,개그
 자막  반요 야샤히메  기,개그
 더빙  짱구는 못말려   ,개그
 더빙  스파이 패밀리,개그
헬싱 얼티메이트 OVA,개그
블리치  기,개그
한다 군   판권 부활,개그
 더빙  짱구는 못말려   ,개그
 더빙  원피스   기,개그
감옥학원,개그
 더빙  짱구는 못말려   ,개그
야한 이야기라는 개념이 존재하지 않는 지루한 세계,개그
 무삭제  일하는 세포,개그
 자막  반요 야샤히메  기,개그
미궁 블랙 컴퍼니,개그
 자막  개구리 중사 케로로  기,개그
좀비 랜드 사가,개그
프린세스 커넥트  Re Dive Season ,개그
바케모노가타리   판권 부활,개그
킹덤  기   판권 부활,개그
우마욘,개그
청의 엑소시스트 교토 부정왕편,개그
벨제붑 아가씨의 뜻대로,개그
 더빙  짱구는 못말려   ,개그
여신 기숙사의 사감군,개그
캐릭캐릭 체인지 두근두근 part  ,개그
덤벨 몇 킬로까지 들 수 있어 ,개그
 더빙  짱구는 못말려   ,개그
마사무네의 리벤지   판권 부활,개그
우리는 공부를 못해 part  ,개그
피터 그릴과 현자의 시간,개그
늑대소녀와 흑왕자,개그
 더빙  오소마츠  쌍둥이  기,개그
 더빙  짱구는 못말려 더 비기닝,개그
 더빙  원피스  기,개그
요괴소년 호야  기,개그
 무삭제  히나마츠리,개그
은혼  기 은빛 영혼편  부,개그
내가 아가씨 학교에 서민샘플로 납치당한 사건,개그
천지창조 디자인부,개그
그래도 아유무는 다가온다,개그
여동생만 있으면 돼 ,개그
타마코 마켓,개그
 더빙  토리코  기 part  ,개그
킹덤  기   판권 부활,개그
 더빙  원피스  기,개그
불쾌한 모노노케안,개그
 더빙  원피스   기,개그
 자막  괴도 키드     ,개그
탐정은 이미 죽었다 ,개그
캐릭캐릭 체인지 두근두근 part  ,개그
아웃브레이크 컴퍼니   판권 부활,개그
"여친, 빌리겠습니다  기",개그
그녀도 여친,개그
 더빙  짱구는 못말려   ,개그
이누x보쿠 시크릿 서비스,개그
샤먼킹,개그
 자막  오소마츠  쌍둥이  기,개그
블리치  기,개그
바보걸,개그
 더빙  짱구는 못말려   ,개그
 더빙  원피스  기,개그
마술선배,개그
 더빙  일하는 세포,개그
부덕의 길드,개그
세계 제일의 첫사랑 시즌  ,개그
신만이 아는 세계   판권 부활,개그
슬레이어즈,개그
일하는 세포  기,개그
히나마츠리,개그
일하는 세포 BLACK,개그
 자막  오소마츠  쌍둥이  기,개그
연애폭군,개그
 자막  이누야샤  기,개그
게이머즈 ,개그
최근 고용한 메이드가 수상하다,개그
갸루와 공룡,개그
스노하라장의 관리인 씨,개그
마장학원 HxH,개그
이과가 사랑에 빠졌기에 증명해보았다,개그
소꿉친구가 절대로 지지 않는 러브 코미디,개그
데이트 어 라이브  ,개그
아이실드    part  ,개그
 더빙  원피스  기,개그
내가 인기 있어서 어쩌자는거야   판권 부활,개그
 더빙  괴도 키드     ,개그
쿨하고 바보 같은 남자,개그
니세모노가타리,개그
킹덤  기 part  ,개그
 자막  토리코 part  ,개그
데이트 어 라이브  ,개그
새여동생 마왕의 계약자 BURST,개그
센류소녀,개그
괴인 개발부의 쿠로이츠 씨,개그
달의 요정 세일러 문 R,개그
킹덤  기 part  ,개그
타다 군은 사랑을 하지 않는다,개그
극장판 짱구는 못말려  기   어른제국의 역습,개그
최근 여동생의 상태가 조금 이상한데,개그
아라카와 언더 더 브리지  기,개그
"이 힐러, 귀찮아",개그
사축 씨는 꼬마 유령에게 치유받고 싶어,개그
우자키 양은 놀고 싶어  더블,개그
단칸방의 침략자  ,개그
 자막  오소마츠  쌍둥이  기,개그
 더빙  쥬로링 동물탐정,개그
다가시카시  기   판권 부활,개그
쿠노이치 츠바키의 속마음,개그
우치타마    우리집 타마를 모르시나요  ,개그
 더빙  오소마츠  쌍둥이  기,개그
하이스쿨 D D HERO,개그
 자막  토리코 part  ,개그
 더빙  내 이야기  ,개그
세계 제일의 첫사랑 시즌  ,개그
 자막  토리코 part  ,개그
팝 팀 에픽 REPEAT  remix version ,개그
"부부 이상, 연인 미만",개그
킹덤  기 part  ,개그
안녕  보노보노  기,개그
요괴 아파트의 우아한 일상,개그
 자막  토리코 part  ,개그
내 옆에 암흑파괴신이 있습니다,개그
아키바 메이드 전쟁,개그
 자막  이누야샤  기,개그
핑구 시즌  ,개그
논논비요리   논스톱,개그
불쾌한 모노노케안 속,개그
유큐홀더  마법선생 네기마   ,개그
어느 날 잠에서 깨어보니 베이글녀가 되어 있었다,개그
 더빙  오소마츠  쌍둥이  기,개그
궁극 진화한 풀다이브RPG가 현실보다도 망겜이라면,개그
 무삭제  불쾌한 모노노케안 속,개그
" 무삭제  여친, 빌리겠습니다  기",개그
달의 요정 세일러 문 Sailor Stars,개그
사랑이라 하기엔 기분 나빠,개그
킹덤  기 part  ,개그
신만이 아는 세계  기   판권 부활,개그
 자막  토리코 part  ,개그
내 여자친구와 소꿉친구가 완전 수라장   판권 부활,개그
 더빙  이 멋진 세계에 축복을   기,개그
슬레이어즈 NEXT,개그
아이실드    part  ,개그
좀비 랜드 사가 리벤지,개그
달의 요정 세일러 문 S,개그
암살교실      일의 시간,개그
 자막  토리코 part  ,개그
 더빙  침략  오징어 소녀  기,개그
극장판 짱구는 못말려   기   엄청 맛있어  B급 음식 서바이벌 ,개그
오와리모노가타리 하편,개그
 자막  고수의 일상생활,개그
 자막  썸머 워즈,개그
마음의 소리 시즌  ,개그
하코즈메  파출소 여자의 역습 ,개그
 자막  이누야샤  기,개그
 더빙  무적코털 보보보 시즌  ,개그
 자막  개구리 중사 케로로  기,개그
극장판 짱구는 못말려  기   핸더랜드의 대모험,개그
"오와리모노가타리 상, 중편",개그
신만이 아는 세계 여신편   판권 부활,개그
속 오와리모노가타리,개그
소녀전선,개그
극장판 짱구는 못말려   기   정면승부  로봇아빠의 역습,개그
 더빙  키테레츠 대백과 시즌  ,개그
팝 팀 에픽 Season  ,개그
파도여 들어다오,개그
아라카와 언더 더 브리지  기,개그
극장판 짱구는 못말려  기   암흑 마왕 대추적,개그
 더빙  이 멋진 세계에 축복을   기,개그
뒤떨어진 후르츠 타르트,개그
아이실드    part  ,개그
극장판 짱구는 못말려   기   태풍을 부르는 영광의 불고기 로드,개그
노기자카 하루카의 비밀,개그
마법소녀 나   판권 부활,개그
아이실드    part  ,개그
원주민 공포만화,개그
백요보,개그
 명은 각자 거짓말을 한다,개그
극장판 짱구는 못말려  기   액션가면 VS 그래그래 마왕,개그
신 도라에몽  기,개그
극장판 짱구는 못말려   기   초시공  폭풍을 부르는 나의 신부,개그
신 도라에몽   기,개그
극장판 짱구는 못말려  기   폭발  온천부글부글 대작전,개그
그녀의 플래그가 꺾이면   판권 부활,개그
NEW 아기공룡 둘리,개그
극장판 짱구는 못말려   기   나의 이사 이야기 선인장 대습격,개그
 자막  이누야샤  기,개그
극장판 짱구는 못말려  기   폭풍을 부르는 정글,개그
코이모노가타리,개그
극장판 짱구는 못말려   기   전설을 부르는 춤  아미고 ,개그
이과가 사랑에 빠졌기에 증명해보았다 r   sin  하트 ,개그
숲의 요정 페어리루 part  ,개그
극장판 짱구는 못말려   기   폭풍수면  꿈꾸는 세계 대돌격,개그
네코모노가타리   백,개그
마음의 소리 시즌  ,개그
아이돌 마스터 SideM 사연 있는 Mini ,개그
게게게의 키타로 part  ,개그
 자막  개구리 중사 케로로  기,개그
달의 요정 세일러 문 SuperS,개그
아프리카의 샐러리맨,개그
카구야 님은 고백받고 싶어  천재들의 연애 두뇌전   기 OVA,개그
검정고무신  기,개그
피터 그릴과 현자의 시간 Super Extra,개그
타마코 러브 스토리   판권 부활,개그
극장판 짱구는 못말려  기   돼지발굽 대작전,개그
극장판 짱구는 못말려   기   부리부리  분 대진격,개그
숲의 요정 페어리루 part  ,개그
은혼 더 파이널,개그
극장판 은혼 완결편   해결사여 영원하라   판권 부활,개그
이 멋진 세계에 축복을  붉은 전설,개그
아이실드    part  ,개그
요괴소년 호야  기,개그
극장판 짱구는 못말려   기   폭풍을 부르는 석양의 떡잎마을 방범대,개그
오니모노가타리,개그
카부키모노가타리,개그
